cpuName,price,cpuMark,cpuValue,threadMark,threadValue,TDP,powerPerf,cores,testDate,socket,category
AMD EPYC 7763,7299.99,88338,12.1,2635,0.36,280.0,315.49,64,2021,SP3,Server
AMD EPYC 7713,7060.0,85861,12.16,2727,0.39,225.0,381.6,64,2021,SP3,Server
AMD Ryzen Threadripper PRO 3995WX,6807.98,83971,12.33,2626,0.39,280.0,299.9,64,2020,sWRX8,Desktop
AMD Ryzen Threadripper 3990X,8399.69,81568,9.71,2569,0.31,280.0,291.31,64,2020,sTRX4,Desktop
AMD EPYC 7643,5424.99,76455,14.09,2695,0.5,225.0,339.8,48,2021,SP3,Server
AMD EPYC 7702,4000.0,71646,17.91,2097,0.52,200.0,358.23,64,2020,SP3,Server
AMD EPYC 7662,6817.0,71576,10.5,2054,0.3,225.0,318.12,64,2021,SP3,Server
AMD EPYC 7742,5045.99,68749,13.62,2145,0.43,225.0,305.55,64,2019,SP3,Server
AMD EPYC 7642,3684.0,67748,18.39,2155,0.59,225.0,301.1,48,2021,SP3,Server
AMD EPYC 7543P,2999.0,67144,22.39,2742,0.91,225.0,298.42,32,2021,SP3,Server
AMD Ryzen Threadripper 3970X,2997.99,63835,21.29,2694,0.9,280.0,227.98,32,2019,sTRX4,Desktop
AMD Ryzen Threadripper PRO 3975WX,4499.99,63495,14.11,2666,0.59,280.0,226.77,32,2020,sWRX8,Desktop
Intel Xeon Platinum 8380 @ 2.30GHz,8978.0,62317,6.94,2385,0.27,270.0,230.81,40,2021,FCLGA4189,Server
AMD EPYC 7702P,3499.99,61689,17.63,2110,0.6,200.0,308.44,64,2019,SP3,Server
AMD EPYC 74F3,4989.0,60948,12.22,2975,0.6,240.0,253.95,24,2021,SP3,Server
AMD EPYC 7513,2840.0,59732,21.03,2447,0.86,200.0,298.66,32,2021,SP3,Server
AMD EPYC 7443P,1499.99,57666,38.44,2965,1.98,200.0,288.33,24,2021,SP3,Server
AMD EPYC 7542,1789.99,56728,31.69,2207,1.23,225.0,252.13,32,2019,SP3,Server
AMD EPYC 7543,3761.0,56562,15.04,2563,0.68,240.0,235.68,32,2021,SP3,Server
AMD Ryzen Threadripper 3960X,1682.9,54757,32.54,2678,1.59,280.0,195.56,24,2019,sTRX4,Desktop
Intel Xeon Platinum 8358 @ 2.60GHz,5097.75,54416,10.67,2382,0.47,250.0,217.67,32,2021,FCLGA4189,Server
AMD EPYC 7453,1799.0,53511,29.74,2580,1.43,225.0,237.83,28,2021,SP3,Server
Intel Xeon Gold 6348 @ 2.60GHz,3173.0,53112,16.74,2455,0.77,235.0,226.01,28,2021,FCLGA4189,Server
AMD EPYC 7402,1962.0,51368,26.18,2081,1.06,180.0,285.38,24,2020,SP3,Server
AMD EPYC 7502,2750.0,49177,17.88,1843,0.67,180.0,273.21,32,2020,SP3,Server
AMD EPYC 7502P,2696.51,48995,18.17,1894,0.7,180.0,272.19,32,2019,SP3,Server
Intel Xeon Gold 6342 @ 2.80GHz,3825.9,48330,12.63,2453,0.64,230.0,210.13,24,2021,FCLGA4189,Server
AMD EPYC 7413,1997.99,46295,23.17,1983,0.99,180.0,257.2,24,2021,SP3,Server
AMD Ryzen 9 5950X,649.74,46195,71.1,3498,5.38,105.0,439.96,16,2020,AM4,Desktop
AMD EPYC 73F3,5992.0,46085,7.69,2878,0.48,240.0,192.02,16,2021,SP3,Server
AMD EPYC 7343,1699.99,45882,26.99,2947,1.73,190.0,241.48,16,2021,SP3,Server
Intel Xeon Gold 6336Y @ 2.40GHz,3850.34,45517,11.82,2522,0.65,185.0,246.04,24,2021,FCLGA4189,Server
Intel Core i9-12900KS,779.98,44243,56.72,4317,5.53,150.0,294.95,8,2022,LGA 1700,Desktop
Intel Xeon Gold 6312U @ 2.40GHz,1736.62,43745,25.19,2383,1.37,185.0,236.46,24,2021,FCLGA4189,Server
Intel Xeon Gold 6330 @ 2.00GHz,1904.0,43056,22.61,2034,1.07,205.0,210.03,28,2021,FCLGA4189,Server
AMD EPYC 7601,899.95,42244,46.94,1941,2.16,180.0,234.69,32,2017,SP3,Server
AMD EPYC 7452,2209.97,41871,18.95,1689,0.76,155.0,270.14,32,2019,SP3,Server
AMD EPYC 7402P,1428.93,41741,29.21,1970,1.38,180.0,231.9,24,2019,SP3,Server
Intel Xeon Gold 6354 @ 3.00GHz,2932.63,41434,14.13,2406,0.82,205.0,202.12,18,2021,FCLGA4189,Server
Intel Core i9-12900KF,572.98,41163,71.84,4217,7.36,241.0,170.8,8,2021,FCLGA1700,Desktop
Intel Core i9-12900K,599.95,41077,68.47,4209,7.02,241.0,170.44,8,2021,FCLGA1700,Desktop
AMD EPYC 7F52,3100.0,40951,13.21,2446,0.79,240.0,170.63,16,2020,SP3,Server
AMD EPYC 7313P,913.0,40879,44.77,2608,2.86,155.0,263.74,16,2021,SP3,Server
Intel Xeon W-3275M @ 2.50GHz,7453.0,40767,5.47,2725,0.37,205.0,198.86,28,2020,FCLGA3647,Server
AMD EPYC 7313,1179.99,40575,34.39,2610,2.21,155.0,261.77,16,2021,SP3,Server
AMD EPYC 7352,1280.0,40472,31.62,1995,1.56,155.0,261.11,24,2021,SP3,Server
AMD Ryzen Threadripper PRO 3955WX,1995.0,40225,20.16,2696,1.35,280.0,143.66,16,2020,sWRX8,Desktop
Intel Xeon W-3265M @ 2.70GHz,6353.0,39620,6.24,2718,0.43,205.0,193.27,24,2021,FCLGA3647,"Desktop, Server"
AMD Ryzen 9 5900X,393.03,39457,100.39,3494,8.89,105.0,375.78,12,2020,AM4,Desktop
AMD Ryzen 9 3950X,650.0,39157,60.24,2738,4.21,105.0,372.92,16,2019,AM4,Desktop
Intel Xeon W-3335 @ 3.40GHz,1299.0,38944,29.98,2556,1.97,250.0,155.78,16,2022,FCLGA4189,Server
Intel Xeon Gold 6248R @ 3.00GHz,3095.0,38604,12.47,2296,0.74,205.0,188.31,24,2020,FCLGA3647,Server
Intel Core i9-12900,509.0,38281,75.21,4162,8.18,65.0,588.95,8,2022,FCLGA1700,Desktop
Intel Xeon Gold 6346 @ 3.10GHz,2279.0,37606,16.5,2455,1.08,205.0,183.44,16,2021,FCLGA4189,Server
Intel Xeon Platinum 8280 @ 2.70GHz,8870.46,37575,4.24,2011,0.23,205.0,183.29,28,2020,FCLGA3647,Server
Intel Xeon Gold 6238R @ 2.20GHz,2667.0,37511,14.06,2362,0.89,165.0,227.34,28,2021,FCLGA3647,Server
Intel Xeon Silver 4316 @ 2.30GHz,1129.22,37264,33.0,2380,2.11,150.0,248.43,20,2021,FCLGA4189,Server
Intel Xeon W-3175X @ 3.10GHz,1595.96,37167,23.29,2148,1.35,255.0,145.75,28,2019,FCLGA3647,Desktop
Intel Core i9-12900F,529.99,35726,67.41,4045,7.63,65.0,549.63,8,2022,FCLGA1700,Desktop
Intel Xeon Gold 6242R @ 3.10GHz,2472.14,35352,14.3,2426,0.98,205.0,172.45,20,2020,FCLGA3647,Server
Intel Xeon Gold 6326 @ 2.90GHz,1605.79,35328,22.0,2356,1.47,185.0,190.96,16,2021,FCLGA4189,Server
Intel Core i9-12900T,489.0,34999,71.57,4032,8.25,35.0,999.97,8,2022,FCLGA1700,Desktop
Intel Core i7-12700K,409.0,34125,83.44,4047,9.9,190.0,179.61,8,2021,FCLGA1700,Desktop
Intel Core i7-12700KF,350.99,34110,97.18,4054,11.55,190.0,179.53,8,2021,FCLGA1700,Desktop
Intel Xeon Platinum 8260M @ 2.30GHz,7705.0,33970,4.41,2315,0.3,165.0,205.88,24,2020,LGA3647,Server
Intel Xeon D-2799 @ 2.40GHz,1933.0,33792,17.48,2404,1.24,129.0,261.95,20,2022,FCBGA2579,Server
Intel Core i9-10980XE @ 3.00GHz,999.99,33408,33.41,2667,2.67,165.0,202.47,18,2019,FCLGA2066,Desktop
Intel Xeon Gold 5220R @ 2.20GHz,1712.0,33370,19.49,2399,1.4,150.0,222.46,24,2021,FCLGA3647,Server
AMD EPYC 7302,1115.12,33015,29.61,1978,1.77,155.0,213,16,2020,SP3,Server
AMD Ryzen 9 3900XT,618.77,32869,53.12,2786,4.5,105.0,313.04,12,2020,AM4,Desktop
AMD Ryzen 9 3900X,359.0,32751,91.23,2725,7.59,105.0,311.92,12,2019,AM4,Desktop
Intel Xeon Platinum 8168 @ 2.70GHz,7829.0,32616,4.17,2138,0.27,205.0,159.1,24,2017,FCLGA3647,Server
AMD EPYC 7302P,2069.95,32480,15.69,1878,0.91,155.0,209.55,16,2019,SP3,Server
AMD Ryzen Threadripper 2990WX,2100.0,32475,15.46,2290,1.09,250.0,129.9,32,2018,sTR4,Desktop
Intel Xeon Gold 6252 @ 2.10GHz,3850.0,32410,8.42,2143,0.56,150.0,216.06,24,2019,FCLGA3647,Server
Intel Core i7-12700F,312.96,32268,103.11,3987,12.74,65.0,496.43,8,2022,FCLGA1700,Desktop
Intel Xeon Gold 6230R @ 2.10GHz,1870.0,32223,17.23,2020,1.08,150.0,214.82,26,2021,FCLGA3647,Server
Intel Core i9-9980XE @ 3.00GHz,1442.21,31905,22.12,2566,1.78,165.0,193.37,18,2018,FCLGA2066,Desktop
Intel Xeon W-2295 @ 3.00GHz,1504.63,31680,21.06,2696,1.79,165.0,192,18,2020,FCLGA2066,Server
Intel Core i7-12700,328.0,31659,96.52,3948,12.04,65.0,487.07,8,2022,FCLGA1700,Desktop
AMD EPYC 7282,722.97,31631,43.75,1987,2.75,120.0,263.59,16,2019,SP3,Server
AMD Ryzen 9 3900,517.27,30660,59.27,2627,5.08,65.0,471.7,12,2019,AM4,Desktop
Intel Core i9-9960X @ 3.10GHz,1498.95,30655,20.45,2631,1.76,165.0,185.79,16,2019,FCLGA2066,Desktop
Intel Xeon W-3245 @ 3.20GHz,2683.99,30549,11.38,2537,0.95,205.0,149.02,16,2020,FCLGA3647,Server
AMD Ryzen Threadripper 2970WX,669.0,30433,45.49,2358,3.52,250.0,121.73,24,2018,sTR4,Desktop
AMD EPYC 7551P,369.99,30313,81.93,1719,4.65,180.0,168.4,32,2018,SP3,Server
Intel Xeon Gold 6246R @ 3.40GHz,3389.78,30220,8.92,2321,0.68,205.0,147.41,16,2020,FCLGA3647,Server
Intel Core i9-12900HK,635.0,30213,47.58,3946,6.21,45.0,671.4,6,2022,FCBGA1744,Laptop
Intel Core i9-9990XE @ 4.00GHz,2163.0,30162,13.94,2970,1.37,255.0,118.28,14,2020,LGA2066,Desktop
Intel Xeon W-3265 @ 2.70GHz,4551.37,30105,6.61,2572,0.57,205.0,146.85,24,2019,FCLGA3647,Server
Intel Xeon Platinum 8268 @ 2.90GHz,6005.98,30103,5.01,2167,0.36,205.0,146.84,24,2019,FCLGA3647,Server
Intel Xeon Silver 4314 @ 2.40GHz,867.3,30043,34.64,2179,2.51,135.0,222.54,16,2021,FCLGA4189,Server
AMD Ryzen Threadripper 2950X,990.0,29981,30.28,2488,2.51,180.0,166.56,16,2018,sTR4,Desktop
Intel Core i9-7980XE @ 2.60GHz,816.42,29842,36.55,2474,3.03,165.0,180.86,18,2017,FCLGA2066,Desktop
Intel Core i9-12900H,617.0,29714,48.16,3974,6.44,45.0,660.32,6,2022,FCBGA1744,Laptop
Intel Xeon Gold 6254 @ 3.10GHz,3626.37,29356,8.1,2381,0.66,200.0,146.78,18,2019,FCLGA3647,Server
Intel Xeon Gold 6148 @ 2.40GHz,2817.0,28962,10.28,2182,0.77,150.0,193.08,20,2018,FCLGA3647,Server
Intel Xeon Gold 6210U @ 2.50GHz,1524.89,28915,18.96,2203,1.44,150.0,192.77,20,2019,FCLGA3647,Server
Intel Xeon Gold 6154 @ 3.00GHz,3798.95,28848,7.59,2264,0.6,200.0,144.24,18,2017,FCLGA3647,Server
Intel Core i9-10940X @ 3.30GHz,771.99,28619,37.07,2724,3.53,165.0,173.45,14,2019,FCLGA2066,Desktop
Intel Xeon Gold 5317 @ 3.00GHz,1119.25,28580,25.54,2437,2.18,150.0,190.54,12,2021,FCLGA4189,Server
Intel Core i9-9940X @ 3.30GHz,841.4,28411,33.77,2647,3.15,165.0,172.19,14,2018,FCLGA2066,Desktop
AMD Ryzen 7 5800X,333.99,28368,84.94,3485,10.43,105.0,270.17,8,2020,AM4,Desktop
AMD EPYC 7401P,249.99,28271,113.09,1689,6.76,155.0,182.4,24,2017,SP3,Server
AMD Ryzen Threadripper 1950X,684.47,28037,40.96,2293,3.35,180.0,155.76,16,2017,sTR4,Desktop
Intel Xeon W-2275 @ 3.30GHz,1112.0,27904,25.09,2790,2.51,165.0,169.12,14,2020,FCLGA2066,Desktop
Intel Xeon Gold 6238 @ 2.10GHz,2698.95,27617,10.23,1691,0.63,140.0,197.26,22,2019,FCLGA3647,Server
Intel Xeon Gold 6212U @ 2.40GHz,2000.0,27470,13.73,2013,1.01,165.0,166.48,24,2019,FCLGA3647,Server
Intel Core i5-12600K,277.98,27429,98.67,3965,14.26,150.0,182.86,6,2021,FCLGA1700,Desktop
Intel Core i7-12700H,457.0,27391,59.94,3766,8.24,45.0,608.69,6,2022,FCBGA1744,Laptop
Intel Xeon W-2195 @ 2.30GHz,1983.82,27325,13.77,2413,1.22,140.0,195.18,18,2017,FCLGA2066,Server
Intel Xeon Gold 6226R @ 2.90GHz,1372.08,27211,19.83,2290,1.67,150.0,181.41,16,2020,FCLGA3647,Server
Intel Core i5-12600KF,260.98,27186,104.17,3967,15.2,150.0,181.24,6,2021,FCLGA1700,Desktop
AMD Ryzen 7 5700X,299.0,27065,90.52,3397,11.36,65.0,416.38,8,2022,AM4,Desktop
Intel Xeon Gold 6208U @ 2.90GHz,1406.99,26901,19.12,2247,1.6,150.0,179.34,16,2020,FCLGA3647,Server
Intel Core i9-7960X @ 2.80GHz,990.97,26699,26.94,2525,2.55,165.0,161.81,16,2017,FCLGA2066,Desktop
Intel Core i9-10920X @ 3.50GHz,679.99,26696,39.26,2766,4.07,165.0,161.79,12,2019,FCLGA2066,Desktop
Intel Xeon Gold 6230 @ 2.10GHz,1990.0,26657,13.4,2285,1.15,125.0,213.25,20,2019,FCLGA3647,Server
Intel Core i9-7940X @ 3.10GHz,548.87,26508,48.3,2490,4.54,165.0,160.65,14,2017,FCLGA2066,Desktop
Intel Xeon Platinum 8160 @ 2.10GHz,2348.7,26485,11.28,1984,0.84,150.0,176.56,24,2017,FCLGA3647,Server
AMD EPYC 7272,605.45,26446,43.68,2013,3.32,120.0,220.38,12,2020,SP3,Server
Intel Xeon Gold 5318Y @ 2.10GHz,1361.0,26400,19.4,1826,1.34,165.0,160,24,2022,FCLGA4189,Server
Intel Xeon Gold 6242 @ 2.80GHz,2465.14,26288,10.66,2196,0.89,150.0,175.26,16,2019,FCLGA3647,Server
Intel Xeon W-2265 @ 3.50GHz,944.0,25984,27.53,2810,2.98,165.0,157.48,12,2020,FCLGA2066,Server
Intel Xeon W-3235 @ 3.30GHz,1829.99,25974,14.19,2622,1.43,180.0,144.3,12,2019,FCLGA3647,Server
Intel Xeon W-3323 @ 3.50GHz,949.0,25875,27.27,2617,2.76,220.0,117.61,12,2021,FCLGA4189,"Desktop, Server"
Intel Xeon Gold 5220 @ 2.20GHz,1674.44,25740,15.37,2396,1.43,125.0,205.92,18,2019,FCLGA3647,Server
Intel Core i9-11900K @ 3.50GHz,397.97,25539,64.17,3519,8.84,125.0,204.31,8,2021,FCLGA1200,Desktop
AMD Ryzen 7 5800X3D,599.0,25508,42.58,2850,4.76,105.0,242.93,8,2022,AM4,Desktop
AMD EPYC 7351P,739.0,25484,34.48,1809,2.45,155.0,164.41,16,2017,SP3,Server
Intel Core i9-11900KF @ 3.50GHz,379.98,25390,66.82,3563,9.38,125.0,203.12,8,2021,FCLGA1200,Desktop
Intel Core i9-9920X @ 3.50GHz,999.0,25291,25.32,2621,2.62,165.0,153.28,12,2018,FCLGA2066,Desktop
AMD Ryzen Threadripper 2920X,761.0,25203,33.12,2482,3.26,180.0,140.01,12,2018,sTR4,Desktop
Intel Xeon W-1370P @ 3.60GHz,411.99,25202,61.17,3494,8.48,125.0,201.62,8,2021,FCLGA1200,"Desktop, Server"
Intel Xeon Gold 5218R @ 2.10GHz,1268.96,25191,19.85,2200,1.73,125.0,201.52,20,2021,FCLGA3647,Server
AMD EPYC 7501,3616.0,24925,6.89,1925,0.53,155.0,160.81,32,2017,SP3,Server
Intel Xeon Gold 6138T @ 2.00GHz,7528.0,24800,3.29,2050,0.27,125.0,198.4,20,2020,FCLGA3647,Server
Intel Core i7-11700K @ 3.60GHz,297.0,24749,83.33,3429,11.55,125.0,197.99,8,2020,FCLGA1200,Desktop
Intel Xeon E5-2699 v4 @ 2.20GHz,5957.96,24619,4.13,1937,0.33,145.0,169.79,22,2016,FCLGA2011-3,Server
AMD Ryzen 7 5700G,233.0,24545,105.34,3281,14.08,65.0,377.62,8,2021,AM4,Desktop
Intel Xeon Gold 6150 @ 2.70GHz,2411.0,24489,10.16,2190,0.91,165.0,148.42,18,2017,FCLGA3647,Server
Intel Xeon Gold 6246 @ 3.30GHz,3113.22,24446,7.85,2450,0.79,165.0,148.16,12,2019,FCLGA3647,Server
Intel Xeon Gold 6248 @ 2.50GHz,2940.0,24234,8.24,2290,0.78,150.0,161.56,20,2019,FCLGA3647,Server
Intel Core i7-11700KF @ 3.60GHz,279.0,24147,86.55,3420,12.26,125.0,193.17,8,2021,FCLGA1200,Desktop
Intel Xeon W-1370 @ 2.90GHz,376.99,23908,63.42,3538,9.39,80.0,298.85,8,2021,FCLGA1200,"Desktop, Server"
Intel Xeon W-11955M @ 2.60GHz,623.0,23859,38.3,3375,5.42,45.0,530.19,8,2021,FCBGA1787,"Laptop, Server"
AMD Ryzen 7 3800XT,391.65,23815,60.81,2845,7.26,105.0,226.81,8,2020,AM4,Desktop
Intel Core i9-11900F @ 2.50GHz,379.99,23814,62.67,3528,9.28,65.0,366.37,8,2021,FCLGA1200,Desktop
Intel Core i9-10900K @ 3.70GHz,389.97,23768,60.95,3167,8.12,125.0,190.14,10,2020,FCLGA1200,Desktop
Intel Core i9-11980HK @ 2.60GHz,583.0,23629,40.53,3312,5.68,45.0,525.09,8,2021,FCBGA1787,Laptop
Intel Xeon Silver 4310 @ 2.10GHz,608.77,23589,38.75,2200,3.61,120.0,196.57,12,2021,FCLGA4189,Server
AMD EPYC 7351,883.99,23566,26.66,1821,2.06,155.0,152.04,16,2019,SP3,Server
Intel Xeon E5-2696 v3 @ 2.30GHz,2498.0,23556,9.43,2209,0.88,145.0,162.45,18,2015,LGA2011-v3,Server
Intel Core i5-12500H,311.0,23530,75.66,3678,11.83,45.0,522.9,4,2022,FCBGA1744,Laptop
Intel Xeon W-1390 @ 2.80GHz,469.99,23515,50.03,3358,7.14,80.0,293.94,8,2021,FCLGA1200,Server
Intel Xeon E5-2679 v4 @ 2.50GHz,2702.0,23512,8.7,1951,0.72,200.0,117.56,20,2016,FCLGA2011-3,Server
Intel Core i9-10900KF @ 3.70GHz,339.99,23508,69.14,3141,9.24,125.0,188.06,10,2020,FCLGA1200,Desktop
Intel Xeon E-2388G @ 3.20GHz,539.0,23501,43.6,3323,6.16,95.0,247.37,8,2021,FCLGA1200,Server
Intel Xeon Gold 6146 @ 3.20GHz,3062.0,23432,7.65,2493,0.81,165.0,142.01,12,2018,FCLGA3647,Server
Intel Core i9-7920X @ 2.90GHz,375.0,23292,62.11,2467,6.58,140.0,166.37,12,2017,FCLGA2066,Desktop
AMD Ryzen 7 3800X,248.59,23275,93.63,2735,11.0,105.0,221.67,8,2019,AM4,Desktop
Intel Xeon W-2175 @ 2.50GHz,395.0,23215,58.77,2481,6.28,140.0,165.82,14,2019,FCLGA2066,Server
Intel Xeon E5-2696 v4 @ 2.20GHz,2793.95,23207,8.31,2248,0.8,145.0,160.05,22,2016,FCLGA2011-3,Server
Intel Xeon Platinum 8176 @ 2.10GHz,2793.7,23179,8.3,2048,0.73,165.0,140.48,28,2019,FCLGA3647,Server
Intel Core i9-11900 @ 2.50GHz,347.88,23117,66.45,3443,9.9,65.0,355.65,8,2021,FCLGA1200,Desktop
Intel Core i9-10850K @ 3.60GHz,408.44,23055,56.45,3091,7.57,125.0,184.44,10,2020,FCLGA1200,Desktop
Intel Xeon W-1290P @ 3.70GHz,997.98,22997,23.04,3204,3.21,125.0,183.97,10,2020,FCLGA1200,Server
AMD Ryzen Threadripper 1920X,299.99,22903,76.35,2300,7.67,180.0,127.24,12,2017,sTR4,Desktop
Intel Xeon Gold 6138 @ 2.00GHz,1662.95,22851,13.74,2220,1.33,125.0,182.81,20,2017,FCLGA3647,Server
AMD Ryzen 7 PRO 3700,329.99,22800,69.09,2673,8.1,65.0,350.76,8,2019,AM4,Desktop
Intel Core i9-11900KB @ 3.30GHz,539.0,22769,42.24,3303,6.13,65.0,350.29,8,2021,FCBGA1787,Desktop
Intel Xeon Gold 6140 @ 2.30GHz,1000.0,22733,22.73,1840,1.84,140.0,162.38,18,2017,FCLGA3647,Server
AMD Ryzen 7 3700X,367.52,22716,61.81,2680,7.29,65.0,349.48,8,2019,AM4,Desktop
Intel Core i7-12700T,339.0,22688,66.93,3295,9.72,35.0,648.24,8,2022,FCLGA1700,Desktop
Intel Core i9-10900X @ 3.70GHz,560.0,22683,40.51,2696,4.81,165.0,137.47,10,2019,FCLGA2066,Desktop
Intel Core i9-11950H @ 2.60GHz,556.0,22570,40.59,3298,5.93,45.0,501.56,8,2021,FCBGA1787,Laptop
Intel Xeon Gold 6152 @ 2.10GHz,3167.14,22291,7.04,2155,0.68,140.0,159.22,22,2018,FCLGA3647,Server
Intel Xeon Gold 6136 @ 3.00GHz,2500.0,22266,8.91,2224,0.89,150.0,148.44,12,2017,FCLGA3647,Server
Intel Xeon Gold 6334 @ 3.60GHz,2570.41,22160,8.62,2592,1.01,165.0,134.3,8,2021,FCLGA4189,Server
Intel Xeon Gold 5218 @ 2.30GHz,1405.64,22117,15.73,2245,1.6,125.0,176.94,16,2019,FCLGA3647,Server
AMD Ryzen 5 5600X,216.99,22088,101.79,3377,15.56,65.0,339.82,6,2020,AM4,Desktop
Intel Xeon W-1290E @ 3.50GHz,500.0,22066,44.13,2914,5.83,95.0,232.27,10,2021,FCLGA1200,Server
Intel Xeon W-2255 @ 3.70GHz,778.0,22042,28.33,2727,3.5,165.0,133.59,10,2020,FCLGA2066,"Desktop, Server"
AMD EPYC 7551,2974.12,22005,7.4,1736,0.58,180.0,122.25,32,2017,SP3,Server
Intel Core i9-9900X @ 3.50GHz,654.99,21868,33.39,2604,3.98,165.0,132.54,10,2018,FCLGA2066,Desktop
Intel Xeon Gold 6130T @ 2.10GHz,1988.0,21803,10.97,1698,0.85,125.0,174.43,16,2020,FCLGA3647,Server
Intel Xeon E5-2698 v4 @ 2.20GHz,908.7,21755,23.94,2141,2.36,135.0,161.15,20,2016,FCLGA2011-3,Server
Intel Xeon E5-2697 v4 @ 2.30GHz,874.0,21545,24.65,1963,2.25,145.0,148.59,18,2016,FCLGA2011-3,Server
Intel Core i7-11700F @ 2.50GHz,289.99,21447,73.96,3339,11.51,65.0,329.95,8,2021,FCLGA1200,Desktop
Intel Core i9-11900H @ 2.50GHz,546.0,21385,39.17,3202,5.86,45.0,475.22,8,2021,FCBGA1787,Laptop
Intel Core i5-12600,238.97,21368,89.42,3883,16.25,65.0,328.73,6,2022,LGA 1700,Desktop
Intel Core i7-11800H @ 2.30GHz,395.0,21363,54.08,3134,7.93,45.0,474.74,8,2021,FCBGA1787,Laptop
AMD Ryzen 5 5600,189.99,21350,112.37,3208,16.88,65.0,328.46,6,2022,AM4,Desktop
Intel Core i9-7900X @ 3.30GHz,269.98,21310,78.93,2594,9.61,140.0,152.21,10,2017,FCLGA2066,Desktop
AMD EPYC 7281,1098.95,21230,19.32,1613,1.47,155.0,136.97,16,2017,SP3,Server
Intel Xeon Gold 5315Y @ 3.20GHz,1267.68,21225,16.74,2524,1.99,140.0,151.61,8,2021,FCLGA4189,Server
Intel Core i7-11850H @ 2.50GHz,395.0,21212,53.7,3219,8.15,45.0,471.38,8,2021,FCBGA1787,Laptop
Intel Xeon W-2155 @ 3.30GHz,1530.39,21198,13.85,2637,1.72,140.0,151.41,10,2018,FCLGA2066,Server
Intel Xeon Gold 6132 @ 2.60GHz,2139.95,21042,9.83,2180,1.02,140.0,150.3,14,2018,FCLGA3647,Server
Intel Xeon Silver 4310T @ 2.30GHz,668.18,20973,31.39,2288,3.42,105.0,199.74,10,2021,FCLGA4189,Server
Intel Core i9-10900F @ 2.80GHz,350.0,20881,59.66,3070,8.77,65.0,321.25,10,2020,FCLGA1200,Desktop
AMD EPYC 7262,571.95,20827,36.41,2026,3.54,155.0,134.37,8,2019,SP3,Server
Intel Xeon Gold 6130 @ 2.10GHz,1770.0,20721,11.71,1880,1.06,125.0,165.77,16,2017,FCLGA3647,Server
Intel Core i9-10900E @ 2.80GHz,444.0,20658,46.53,2969,6.69,65.0,317.82,10,2021,FCLGA1200,"Desktop, Mobile/Embedded"
Intel Core i7-11700 @ 2.50GHz,316.99,20588,64.95,3146,9.92,95.0,216.72,8,2021,FCLGA1200,Desktop
AMD Ryzen 7 PRO 4750G,299.99,20570,68.57,2710,9.03,65.0,316.46,8,2020,AM4,Desktop
Intel Xeon W-1290 @ 3.20GHz,619.0,20533,33.17,3093,5.0,80.0,256.66,10,2020,FCLGA1200,Server
AMD EPYC 7451,2015.12,20471,10.16,1975,0.98,180.0,113.73,24,2018,SP3,Server
Intel Core i9-10900 @ 2.80GHz,389.97,20446,52.43,3057,7.84,65.0,314.55,10,2020,FCLGA1200,Desktop
Intel Xeon Gold 6244 @ 3.60GHz,2970.0,20402,6.87,2752,0.93,150.0,136.01,8,2019,FCLGA3647,Server
Intel Xeon E5-2695 v4 @ 2.10GHz,592.1,20373,34.41,1948,3.29,120.0,169.77,18,2016,FCLGA2011-3,Server
Intel Core i5-12500,202.0,20309,100.54,3759,18.61,65.0,312.45,6,2022,LGA 1700,Desktop
Intel Core i9-11900T @ 1.50GHz,439.0,20225,46.07,3419,7.79,35.0,577.86,8,2021,FCLGA1200,Desktop
AMD Ryzen 7 4700G,319.0,20138,63.13,2758,8.65,65.0,309.82,8,2020,AM4,Desktop
Intel Xeon E5-2699 v3 @ 2.30GHz,542.53,20138,37.12,1916,3.53,145.0,138.88,18,2014,LGA2011-v3,Server
Intel Xeon E5-2690 v4 @ 2.60GHz,498.31,20094,40.32,1971,3.96,135.0,148.85,14,2016,FCLGA2011-3,Server
AMD Ryzen 5 5500,159.0,19949,125.46,3096,19.47,65.0,306.9,6,2022,AM4,Desktop
Intel Xeon W-1350P @ 4.00GHz,325.99,19935,61.15,3512,10.77,65.0,306.69,6,2021,FCLGA1200,Server
AMD Ryzen 5 5600G,179.97,19830,110.19,3187,17.71,65.0,305.08,6,2021,AM4,Desktop
Intel Core i5-12450H,311.0,19820,63.73,3628,11.66,45.0,440.44,4,2022,FCBGA1744,Laptop
Intel Xeon Gold 6226 @ 2.70GHz,1769.98,19810,11.19,2104,1.19,125.0,158.48,12,2020,FCLGA3647,Server
Intel Xeon E5-2698 v3 @ 2.30GHz,3405.95,19794,5.81,1990,0.58,135.0,146.62,16,2014,LGA2011-v3,Server
Intel Core i5-11600K @ 3.90GHz,209.99,19781,94.2,3374,16.07,125.0,158.25,6,2021,FCLGA1200,Desktop
Intel Core i5-11600KF @ 3.90GHz,232.49,19742,84.91,3359,14.45,125.0,157.93,6,2021,FCLGA1200,Desktop
Intel Core i5-12400F,174.98,19659,112.35,3567,20.39,65.0,302.44,6,2022,FCLGA1700,Desktop
Intel Core i5-12400,192.0,19571,101.93,3532,18.4,65.0,301.09,6,2022,LGA 1700,Desktop
AMD EPYC 7252,381.22,19550,51.28,1992,5.23,120.0,162.92,8,2021,SP3,Server
Intel Core i9-9900KS @ 4.00GHz,898.3,19518,21.73,3039,3.38,127.0,153.69,8,2019,FCLGA1151-2,Desktop
Intel Xeon Silver 4216 @ 2.10GHz,1096.66,19451,17.74,1775,1.62,100.0,194.51,16,2019,FCLGA3647,Server
Intel Xeon W-2245 @ 3.90GHz,999.9,19446,19.45,2763,2.76,155.0,125.46,8,2020,FCLGA2066,Server
Intel Core i7-10700K @ 3.80GHz,328.98,19277,58.6,3074,9.34,125.0,154.22,8,2020,FCLGA1200,Desktop
Intel Xeon W-1270P @ 3.80GHz,428.0,19245,44.96,3074,7.18,95.0,202.58,8,2020,FCLGA1200,Server
Intel Xeon E5-2697 v3 @ 2.60GHz,200.19,19238,96.1,2009,10.04,145.0,132.67,14,2014,LGA2011-v3,Server
Intel Xeon Gold 6126 @ 2.60GHz,1160.0,19223,16.57,2019,1.74,125.0,153.78,12,2018,FCLGA3647,Server
Intel Core i7-10700KF @ 3.80GHz,309.99,19143,61.75,3056,9.86,125.0,153.14,8,2020,FCLGA1200,Desktop
Intel Core i7-12800H,457.0,19052,41.69,3604,7.89,45.0,423.37,6,2022,FCBGA1744,Laptop
Intel Xeon Silver 4309Y @ 2.80GHz,677.5,19010,28.06,2494,3.68,105.0,181.05,8,2021,FCLGA4189,Server
Intel Xeon W-1350 @ 3.30GHz,279.99,18940,67.65,3511,12.54,80.0,236.75,6,2021,FCLGA1200,Server
Intel Xeon W-11855M @ 3.20GHz,450.0,18857,41.91,3319,7.38,45.0,419.05,6,2021,FCBGA1787,"Laptop, Server"
Intel Xeon Silver 4214R @ 2.40GHz,707.81,18846,26.63,2023,2.86,100.0,188.46,12,2020,FCLGA3647,Server
AMD Ryzen 5 3600XT,327.52,18780,57.34,2794,8.53,95.0,197.69,6,2020,AM4,Desktop
Intel Xeon E-2356G @ 3.20GHz,333.0,18757,56.33,3507,10.53,80.0,234.47,6,2022,FCLGA1200,Server
Intel Core i9-9900K @ 3.60GHz,622.0,18716,30.09,2960,4.76,95.0,197.02,8,2018,FCLGA1151-2,Desktop
Intel Core i9-9900KF @ 3.60GHz,502.13,18691,37.22,2968,5.91,95.0,196.75,8,2019,FCLGA1151-2,Desktop
Intel Xeon Gold 6144 @ 3.50GHz,2097.0,18656,8.9,2523,1.2,150.0,124.38,8,2017,FCLGA3647,Server
Intel Xeon W-1270E @ 3.40GHz,367.0,18635,50.78,2990,8.15,80.0,232.94,8,2022,FCLGA1200,"Server, Mobile/Embedded"
Intel Xeon W-1290T @ 1.90GHz,494.0,18409,37.27,2974,6.02,35.0,525.98,10,2021,FCLGA1200,Server
Intel Xeon D-2183IT @ 2.20GHz,1764.0,18385,10.42,1728,0.98,100.0,183.85,16,2018,FCBGA2518,Server
Intel Core i5-11600 @ 2.80GHz,216.41,18318,84.64,3302,15.26,65.0,281.81,6,2021,FCLGA1200,Desktop
Intel Core i9-9820X @ 3.30GHz,685.0,18288,26.7,2406,3.51,165.0,110.84,10,2018,FCLGA2066,Desktop
AMD Ryzen 5 3600X,209.99,18285,87.08,2670,12.71,95.0,192.47,6,2019,AM4,Desktop
Intel Xeon E-2378 @ 2.60GHz,386.0,18248,47.28,3258,8.44,65.0,280.74,8,2022,FCLGA1200,Server
Intel Xeon E7-8880 v3 @ 2.30GHz,133.0,18244,137.17,1612,12.12,150.0,121.63,18,2016,LGA2011-1,Server
Intel Core i7-9800X @ 3.80GHz,650.0,18240,28.06,2595,3.99,165.0,110.54,8,2018,FCLGA2066,Desktop
Intel Xeon W-2145 @ 3.70GHz,1224.67,18225,14.88,2625,2.14,140.0,130.18,8,2017,FCLGA2066,Server
Intel Xeon W-1270 @ 3.40GHz,362.0,18093,49.98,3060,8.45,80.0,226.17,8,2020,FCLGA1200,Server
Intel Xeon D-2187NT @ 2.00GHz,1989.0,18070,9.08,1425,0.72,110.0,164.27,16,2020,FCBGA2518,Server
Intel Core i9-10900TE @ 1.80GHz,444.0,17888,40.29,2684,6.05,35.0,511.09,10,2021,FCLGA1200,Mobile/Embedded
AMD Ryzen 5 3600,153.49,17822,116.11,2576,16.78,65.0,274.18,6,2019,AM4,Desktop
Intel Xeon E5-2687W v4 @ 3.00GHz,975.1,17757,18.21,2065,2.12,160.0,110.98,12,2016,FCLGA2011-3,Server
Intel Xeon E5-2680 v4 @ 2.40GHz,402.19,17737,44.1,1949,4.85,120.0,147.81,14,2016,FCLGA2011-3,Server
Intel Core i5-12500T,202.0,17728,87.76,3618,17.91,35.0,506.53,6,2022,FCLGA1700,Desktop
Intel Xeon E-2278G @ 3.40GHz,494.0,17706,35.84,2951,5.97,80.0,221.33,8,2019,FCLGA1151-2,Server
Intel Xeon Gold 5120 @ 2.20GHz,1561.0,17686,11.33,1847,1.18,105.0,168.43,14,2017,FCLGA3647,Server
Intel Core i5-11500 @ 2.70GHz,197.19,17626,89.38,3153,15.99,65.0,271.17,6,2021,FCLGA1200,Desktop
AMD Ryzen 7 2700X,212.98,17578,82.54,2436,11.44,105.0,167.41,8,2018,AM4,Desktop
Intel Xeon Gold 5120T @ 2.20GHz,1727.0,17540,10.16,1827,1.06,105.0,167.04,14,2018,FCLGA3647,Server
Intel Xeon E5-2673 v4 @ 2.30GHz,1950.0,17533,8.99,1909,0.98,135.0,129.87,20,2016,FCLGA2011-3,Server
Intel Xeon W-3223 @ 3.50GHz,820.55,17456,21.27,2503,3.05,160.0,109.1,8,2020,FCLGA3647,Server
Intel Xeon E5-4669 v3 @ 2.10GHz,5400.0,17430,3.23,1474,0.27,135.0,129.11,18,2015,FCLGA2011-3,Server
Intel Xeon E5-2683 v4 @ 2.10GHz,421.0,17388,41.3,1633,3.88,120.0,144.9,16,2016,FCLGA2011-3,Server
Intel Xeon E-2288G @ 3.70GHz,539.0,17313,32.12,2927,5.43,95.0,182.24,8,2019,FCLGA1151-2,Server
Intel Core i7-7820X @ 3.60GHz,709.0,17283,24.38,2539,3.58,140.0,123.45,8,2017,FCLGA2066,Desktop
Intel Core i5-11400F @ 2.60GHz,149.99,17213,114.76,3023,20.15,65.0,264.82,6,2021,FCLGA1200,Desktop
Intel Core i7-6950X @ 3.00GHz,377.32,17142,45.43,2334,6.19,140.0,122.44,10,2016,LGA2011-v3,Desktop
Intel Core i5-11400 @ 2.60GHz,174.21,17132,98.34,3048,17.5,65.0,263.57,6,2021,FCLGA1200,Desktop
Intel Core i7-10700E @ 2.90GHz,330.0,17020,51.58,2845,8.62,65.0,261.85,8,2021,FCLGA1200,"Laptop, Mobile/Embedded"
AMD EPYC 7232P,390.27,17017,43.6,1549,3.97,120.0,141.81,8,2020,SP3,Server
Intel Core i7-10700F @ 2.90GHz,249.99,16973,67.89,2919,11.67,65.0,261.12,8,2020,FCLGA1200,Desktop
AMD Ryzen Threadripper 1900X,249.99,16955,67.82,2343,9.37,180.0,94.19,8,2017,sTR4,Desktop
Intel Core i7-10700 @ 2.90GHz,268.99,16946,63.0,2922,10.86,65.0,260.71,8,2020,FCLGA1200,Desktop
Intel Core i9-9900 @ 3.10GHz,458.99,16873,36.76,2863,6.24,65.0,259.58,8,2019,FCLGA1151-2,Desktop
AMD Ryzen 5 4500,141.75,16698,117.8,2605,18.38,65.0,256.89,6,2022,AM4,Desktop
Intel Xeon Gold 6134 @ 3.20GHz,1699.99,16518,9.72,2240,1.32,130.0,127.06,8,2017,FCLGA3647,Server
Intel Core i5-11500H @ 2.90GHz,250.0,16458,65.83,3148,12.59,45.0,365.74,6,2021,FCBGA1787,Laptop
Intel Xeon E5-2690 v3 @ 2.60GHz,235.19,16444,69.92,1903,8.09,135.0,121.8,12,2014,LGA2011-v3,Server
AMD Ryzen 5 PRO 4650G,257.36,16428,63.83,2664,10.35,65.0,252.73,6,2020,AM4,Desktop
Intel Core i7-11600H @ 2.90GHz,395.0,16403,41.53,3185,8.06,45.0,364.51,6,2021,FCBGA1787,Laptop
Intel Core i7-10700TE @ 2.00GHz,330.0,16332,49.49,2772,8.4,35.0,466.63,8,2021,FCLGA1200,Laptop
AMD Ryzen 7 1800X,178.03,16306,91.59,2186,12.28,95.0,171.64,8,2017,AM4,Desktop
Intel Xeon Gold 5118 @ 2.30GHz,699.0,16287,23.3,1746,2.5,105.0,155.12,12,2017,FCLGA3647,Server
Intel Core i9-10980HK @ 2.40GHz,583.0,16271,27.91,2869,4.92,45.0,361.57,8,2020,FCBGA1440,Laptop
Intel Core i5-11400H @ 2.70GHz,250.0,16073,64.29,3061,12.24,45.0,357.17,6,2021,FCBGA1787,Laptop
Intel Xeon W-10885M @ 2.40GHz,623.0,16013,25.7,2768,4.44,45.0,355.84,8,2020,FCBGA1440,"Laptop, Server"
Intel Xeon E-2336 @ 2.90GHz,304.0,15900,52.3,3353,11.03,65.0,244.61,6,2022,FCLGA1200,Server
Intel Xeon E5-2695 v3 @ 2.30GHz,243.19,15801,64.97,1739,7.15,120.0,131.68,14,2014,LGA2011-v3,Server
Intel Xeon Silver 4214 @ 2.20GHz,761.7,15772,20.71,1712,2.25,85.0,185.55,12,2019,FCLGA3647,Server
Intel Core i9-10885H @ 2.40GHz,556.0,15679,28.2,2810,5.05,45.0,348.42,8,2020,FCBGA1440,Laptop
AMD Ryzen 7 2700,254.2,15654,61.58,2197,8.64,65.0,240.82,8,2018,AM4,Desktop
Intel Xeon E5-2680 v3 @ 2.50GHz,142.0,15522,109.31,1774,12.49,120.0,129.35,12,2014,LGA2011-v3,Server
AMD Ryzen 7 1700X,168.06,15496,92.21,2074,12.34,95.0,163.12,8,2017,AM4,Desktop
Intel Xeon Gold 5217 @ 3.00GHz,1645.0,15429,9.38,2173,1.32,115.0,134.16,8,2019,FCLGA3647,Server
Intel Core i7-10875H @ 2.30GHz,450.0,15426,34.28,2778,6.17,45.0,342.79,8,2020,FCBGA1440,Laptop
Intel Xeon Gold 5215 @ 2.50GHz,1384.95,15420,11.13,1866,1.35,85.0,181.42,10,2019,FCLGA3647,Server
Intel Xeon E5-4667 v3 @ 2.00GHz,5729.0,15397,2.69,1461,0.26,135.0,114.05,16,2018,FCLGA2011-3,Server
Intel Core i5-11260H @ 2.60GHz,250.0,15313,61.25,2969,11.87,45.0,340.29,6,2021,FCBGA1787,Laptop
Intel Core i7-11700T @ 1.40GHz,323.0,15271,47.28,2859,8.85,35.0,436.3,8,2021,FCLGA1200,Desktop
Intel Core i5-11600T @ 1.70GHz,213.0,15254,71.61,2884,13.54,35.0,435.82,6,2021,FCLGA1200,Desktop
Intel Xeon E-2278GE @ 3.30GHz,494.0,15252,30.88,2639,5.34,80.0,190.66,8,2020,FCLGA1151-2,Server
Intel Xeon E-2286M @ 2.40GHz,1373.18,15249,11.1,2778,2.02,45.0,338.87,8,2019,FCBGA1440,Laptop
Intel Xeon Silver 4214Y @ 2.20GHz,768.0,15248,19.85,1790,2.33,85.0,179.39,12,2020,FCLGA3647,Server
Intel Xeon Silver 4116T @ 2.10GHz,1112.0,15187,13.66,1781,1.6,85.0,178.66,12,2021,FCLGA3647,Server
Intel Xeon Silver 4215R @ 3.20GHz,860.0,15147,17.61,2349,2.73,130.0,116.51,8,2020,FCLGA3647,Server
Intel Core i9-10900T @ 1.90GHz,439.0,15134,34.47,2523,5.75,35.0,432.4,10,2020,FCLGA1200,Desktop
Intel Xeon D-2166NT @ 2.00GHz,1005.0,15105,15.03,1751,1.74,85.0,177.7,12,2020,FCBGA2518,Server
Intel Xeon E5-2660 v4 @ 2.00GHz,254.45,15038,59.1,1897,7.46,105.0,143.22,14,2016,FCLGA2011-3,Server
Intel Xeon Silver 4210R @ 2.40GHz,519.99,15030,28.9,1831,3.52,100.0,150.3,10,2020,FCLGA3647,Server
Intel Core i7-10870H @ 2.20GHz,417.0,15027,36.04,2726,6.54,45.0,333.93,8,2020,FCBGA1440,Laptop
AMD EPYC 7301,1499.98,14991,9.99,1363,0.91,155.0,96.72,16,2019,SP3,Server
Intel Core i3-12300,143.0,14955,104.58,3673,25.68,60.0,249.26,4,2022,LGA 1700,Desktop
AMD EPYC 7251,1111.0,14935,13.44,1671,1.5,120.0,124.46,8,2018,SP3,Server
Intel Xeon Silver 4116 @ 2.10GHz,389.99,14931,38.29,1709,4.38,85.0,175.66,12,2018,FCLGA3647,Server
Intel Xeon W-1250P @ 4.10GHz,596.66,14924,25.01,2985,5.0,125.0,119.39,6,2021,FCLGA1200,"Desktop, Server"
Intel Xeon E5-2699A v4 @ 2.40GHz,4938.0,14917,3.02,1037,0.21,145.0,102.87,22,2019,FCLGA2011-3,Server
Intel Xeon E5-2658A v3 @ 2.20GHz,1832.0,14879,8.12,1688,0.92,105.0,141.71,12,2019,FCLGA2011-3,Server
Intel Xeon E5-2683 v3 @ 2.00GHz,1498.95,14829,9.89,1571,1.05,120.0,123.57,14,2015,LGA2011-v3,Server
Intel Xeon E5-2687W v3 @ 3.10GHz,679.95,14812,21.78,1897,2.79,160.0,92.57,10,2014,LGA2011-v3,Server
Intel Core i9-9980HK @ 2.40GHz,583.0,14728,25.26,2620,4.49,45.0,327.29,8,2019,FCBGA1440,Laptop
Intel Xeon E5-2678 v3 @ 2.50GHz,170.0,14682,86.36,1718,10.1,120.0,122.35,12,2015,LGA2011-v3,Server
AMD Ryzen 7 1700,152.68,14628,95.81,1985,13.0,65.0,225.05,8,2017,AM4,Desktop
Intel Core i5-10600KF @ 4.10GHz,184.98,14575,78.79,2948,15.94,125.0,116.6,6,2020,FCLGA1200,Desktop
Intel Core i7-9700K @ 3.60GHz,390.99,14550,37.21,2899,7.42,95.0,153.16,8,2018,FCLGA1151-2,Desktop
Intel Core i7-8086K @ 4.00GHz,549.0,14550,26.5,2895,5.27,95.0,153.16,6,2018,FCLGA1151-2,Desktop
Intel Core i5-10600K @ 4.10GHz,212.97,14534,68.24,2936,13.78,125.0,116.27,6,2020,FCLGA1200,Desktop
Intel Core i3-12100,122.0,14503,118.88,3549,29.09,60.0,241.72,4,2022,LGA 1700,Desktop
Intel Core i7-9700KF @ 3.60GHz,424.99,14499,34.12,2920,6.87,95.0,152.62,8,2019,FCLGA1151-2,Desktop
Intel Core i3-12100F,107.99,14490,134.18,3532,32.71,58.0,249.83,4,2022,FCLGA1700,Server
Intel Xeon Silver 4215 @ 2.50GHz,869.95,14439,16.6,2060,2.37,85.0,169.87,8,2019,FCLGA3647,Server
Intel Xeon E-2286G @ 4.00GHz,551.26,14384,26.09,2846,5.16,95.0,151.41,6,2019,FCLGA1151-2,Server
Intel Xeon W-2235 @ 3.80GHz,582.99,14332,24.58,2662,4.57,130.0,110.25,6,2020,FCLGA2066,Server
Intel Xeon E-2236 @ 3.40GHz,327.31,14307,43.71,2851,8.71,80.0,178.84,6,2019,FCLGA1151-2,Server
Intel Core i7-6900K @ 3.20GHz,384.95,14291,37.13,2361,6.13,140.0,102.08,8,2016,FCLGA2011-3,Desktop
Intel Xeon Silver 4210 @ 2.20GHz,449.0,14285,31.82,1858,4.14,85.0,168.06,10,2019,FCLGA3647,Server
Intel Xeon Gold 6128 @ 3.40GHz,1719.0,14273,8.3,2247,1.31,115.0,124.11,6,2017,FCLGA3647,Server
Intel Xeon E5-4660 v3 @ 2.10GHz,4800.0,14256,2.97,1558,0.32,120.0,118.8,14,2017,FCLGA2011-3,Server
Intel Xeon E5-2697 v2 @ 2.70GHz,162.5,14218,87.49,1811,11.14,130.0,109.37,12,2013,FCLGA2011,Server
Intel Xeon E5-1680 v4 @ 3.40GHz,4719.0,14120,2.99,2348,0.5,140.0,100.86,8,2016,FCLGA2011-3,Server
Intel Xeon E5-2673 v3 @ 2.40GHz,700.0,14112,20.16,1723,2.46,110.0,128.29,12,2015,LGA2011-v3,Server
Intel Xeon W-2135 @ 3.70GHz,1007.7,14109,14.0,2592,2.57,140.0,100.78,6,2017,FCLGA2066,Server
Intel Xeon E-2374G @ 3.70GHz,357.0,14086,39.46,3445,9.65,80.0,176.07,4,2022,FCLGA1200,Server
AMD Ryzen 5 2600X,154.39,14053,91.02,2406,15.58,95.0,147.92,6,2018,AM4,Desktop
Intel Xeon E-2246G @ 3.60GHz,311.0,14050,45.18,2825,9.08,80.0,175.62,6,2019,FCLGA1151-2,Server
Intel Core i9-9880H @ 2.30GHz,556.0,13979,25.14,2555,4.59,45.0,310.64,8,2019,FCBGA1440,Laptop
AMD EPYC 3251,315.0,13965,44.33,1872,5.94,50.0,279.3,8,2019,SP4r2,Server
Intel Core i9-9900T @ 2.10GHz,439.0,13947,31.77,2505,5.71,35.0,398.49,8,2019,FCLGA1151-2,Desktop
Intel Core i5-10600 @ 3.30GHz,219.99,13928,63.31,2911,13.23,65.0,214.27,6,2020,FCLGA1200,Desktop
Intel Xeon E5-2670 v3 @ 2.30GHz,63.99,13917,217.48,1695,26.5,120.0,115.97,12,2014,LGA2011-v3,Server
Intel Xeon E-2186G @ 3.80GHz,542.78,13909,25.63,2780,5.12,95.0,146.41,6,2018,FCLGA1151-2,Server
Intel Core i7-8700K @ 3.70GHz,309.0,13850,44.82,2764,8.95,95.0,145.79,6,2017,FCLGA1151-2,Desktop
Intel Xeon E5-2667 v4 @ 3.20GHz,357.5,13846,38.73,2158,6.04,135.0,102.57,8,2016,FCLGA2011-3,Server
Intel Core i5-11500T @ 1.50GHz,192.0,13820,71.98,2571,13.39,35.0,394.85,6,2021,FCLGA1200,Desktop
Intel Xeon W-1250 @ 3.30GHz,312.39,13799,44.17,2859,9.15,80.0,172.49,6,2020,FCLGA1200,Server
Intel Xeon E-2176G @ 3.70GHz,448.0,13643,30.45,2749,6.14,80.0,170.54,6,2018,FCLGA1151-2,Server
Intel Xeon W-1270TE @ 2.00GHz,367.0,13553,36.93,2796,7.62,35.0,387.24,8,2021,FCLGA1200,Server
Intel Xeon E5-2695 v2 @ 2.40GHz,183.0,13521,73.88,1604,8.77,115.0,117.57,12,2013,LGA 2011,Server
Intel Xeon E5-2650 v4 @ 2.20GHz,1199.99,13489,11.24,1578,1.31,105.0,128.47,12,2016,FCLGA2011-3,Server
Intel Xeon E5-2690 v2 @ 3.00GHz,148.0,13481,91.08,1880,12.7,130.0,103.7,10,2013,FCLGA2011,Server
Intel Core i7-9700F @ 3.00GHz,340.99,13462,39.48,2796,8.2,65.0,207.11,8,2019,FCLGA1151-2,Desktop
Intel Core i7-9700 @ 3.00GHz,322.85,13385,41.46,2782,8.62,65.0,205.93,8,2019,FCLGA1151-2,Desktop
Intel Xeon E-2276G @ 3.80GHz,442.9,13371,30.19,2894,6.53,80.0,167.13,6,2019,FCLGA1151-2,Server
Intel Xeon E-2136 @ 3.30GHz,321.99,13356,41.48,2711,8.42,80.0,166.96,6,2018,FCLGA1151-2,Server
Intel Xeon E-2146G @ 3.50GHz,369.94,13351,36.09,2679,7.24,80.0,166.89,6,2018,FCLGA1151-2,Server
Intel Xeon E5-1660 v4 @ 3.20GHz,1494.0,13340,8.93,2193,1.47,140.0,95.29,8,2016,FCLGA2011-3,Server
AMD Ryzen 5 3500X,184.95,13319,72.01,2525,13.65,65.0,204.91,6,2019,AM4,Desktop
Intel Xeon E5-1680 v3 @ 3.20GHz,589.99,13214,22.4,2127,3.61,140.0,94.38,8,2015,LGA2011-v3,Server
AMD Ryzen 5 2600,124.88,13195,105.66,2250,18.02,65.0,202.99,6,2018,AM4,Desktop
Intel Xeon E-2334 @ 3.40GHz,305.99,13189,43.1,3244,10.6,65.0,202.9,4,2022,FCLGA1200,Server
Intel Xeon Silver 4114 @ 2.20GHz,775.0,13169,16.99,1681,2.17,85.0,154.93,10,2017,FCLGA3647,Server
Intel Xeon E5-2660 v3 @ 2.60GHz,142.73,13146,92.1,1796,12.58,105.0,125.2,10,2014,LGA2011-v3,Server
Intel Core i7-10700T @ 2.00GHz,447.99,13119,29.28,2661,5.94,35.0,374.82,8,2020,FCLGA1200,Desktop
Intel Xeon D-2143IT @ 2.20GHz,566.0,13107,23.16,1812,3.2,65.0,201.64,8,2018,FCBGA2518,Server
Intel Core i5-11400T @ 1.30GHz,182.0,13078,71.86,2549,14.0,35.0,373.67,6,2021,FCLGA1200,Desktop
Intel Core i5-10500 @ 3.10GHz,209.88,13056,62.21,2785,13.27,65.0,200.86,6,2020,FCLGA1200,Desktop
Intel Core i7-8700 @ 3.20GHz,260.99,13046,49.99,2662,10.2,65.0,200.71,6,2017,FCLGA1151-2,Desktop
Intel Xeon E5-4627 v4 @ 2.60GHz,999.99,12969,12.97,2030,2.03,135.0,96.07,10,2017,FCLGA2011-3,Server
Intel Xeon W-10855M @ 2.80GHz,450.0,12955,28.79,2776,6.17,45.0,287.89,6,2020,FCBGA1440,"Laptop, Server"
AMD Ryzen 5 1600X,169.46,12943,76.38,2183,12.88,95.0,136.25,6,2017,AM4,Desktop
Intel Core i7-7800X @ 3.50GHz,199.99,12864,64.33,2414,12.07,140.0,91.89,6,2017,FCLGA2066,Desktop
Intel Xeon E5-2618L v4 @ 2.20GHz,700.39,12816,18.3,2013,2.87,75.0,170.88,10,2017,FCLGA2011-3,Server
Intel Core i3-12100T,122.0,12767,104.65,3412,27.96,35.0,364.77,4,2022,FCLGA1700,Desktop
AMD Ryzen 3 3300X,269.99,12746,47.21,2689,9.96,65.0,196.1,4,2020,AM4,Desktop
Intel Core i7-5960X @ 3.00GHz,215.61,12719,58.99,1979,9.18,140.0,90.85,8,2014,LGA2011-v3,Desktop
Intel Xeon E5-2680 v2 @ 2.80GHz,139.53,12530,89.8,1789,12.82,115.0,108.96,10,2013,FCLGA2011,Server
Intel Xeon E5-4657L v2 @ 2.40GHz,751.19,12495,16.63,1478,1.97,115.0,108.66,12,2015,FCLGA2011,Server
Intel Core i5-10400F @ 2.90GHz,124.99,12439,99.52,2572,20.58,65.0,191.37,6,2020,FCLGA1200,Desktop
Intel Xeon W-2133 @ 3.60GHz,617.0,12438,20.16,2274,3.68,140.0,88.84,6,2017,FCLGA2066,Server
Intel Core i7-11375H @ 3.30GHz,482.0,12383,25.69,3105,6.44,35.0,353.79,4,2021,FCBGA1449,Laptop
Intel Xeon E5-1660 v3 @ 3.00GHz,398.95,12360,30.98,1976,4.95,140.0,88.28,8,2014,LGA2011-v3,Server
Intel Xeon E5-2667 v3 @ 3.20GHz,403.0,12354,30.66,1983,4.92,135.0,91.51,8,2014,LGA2011-v3,Server
Intel Core i7-1265U,426.0,12334,28.95,3422,8.03,15.0,822.28,2,2022,FCBGA1744,"Laptop, Mobile/Embedded"
Intel Core i5-10400 @ 2.90GHz,149.99,12320,82.14,2587,17.25,65.0,189.53,6,2020,FCLGA1200,Desktop
AMD Ryzen 5 1600,159.82,12314,77.05,2074,12.98,65.0,189.45,6,2017,AM4,Desktop
Intel Core i7-8700B @ 3.20GHz,303.0,12239,40.39,2751,9.08,65.0,188.3,6,2019,FCBGA1440,Laptop
Intel Core i7-9700E @ 2.60GHz,323.0,12239,37.89,2576,7.97,65.0,188.3,8,2020,FCLGA1151-2,Desktop
Intel Xeon E5-2667 v2 @ 3.30GHz,174.95,12222,69.86,2018,11.53,130.0,94.02,8,2014,LGA 2011,Server
Intel Xeon D-2141I @ 2.20GHz,555.0,12177,21.94,1756,3.16,65.0,187.33,8,2019,FCBGA2518,Server
Intel Core i7-10850H @ 2.70GHz,395.0,12124,30.69,2740,6.94,45.0,269.42,6,2020,FCBGA1440,Laptop
Intel Core i7-11370H @ 3.30GHz,426.0,12098,28.4,3017,7.08,35.0,345.66,4,2021,FCBGA1449,Laptop
Intel Xeon E5-2687W v2 @ 3.40GHz,432.19,12083,27.96,2067,4.78,150.0,80.56,8,2013,FCLGA2011,Server
Intel Xeon E-2278GEL @ 2.00GHz,494.0,12024,24.34,2428,4.91,35.0,343.53,8,2019,FCLGA1151-2,Server
Intel Xeon E5-2640 v4 @ 2.40GHz,461.0,11950,25.92,1818,3.94,90.0,132.78,10,2016,FCLGA2011-3,Server
Intel Xeon E5-2650 v3 @ 2.30GHz,107.87,11931,110.61,1629,15.1,105.0,113.63,10,2014,LGA2011-v3,Server
Intel Xeon E5-2650L v3 @ 1.80GHz,1365.0,11820,8.66,1397,1.02,65.0,181.85,12,2015,LGA2011-v3,Server
Intel Xeon E-2276M @ 2.80GHz,450.0,11818,26.26,2648,5.89,45.0,262.62,6,2019,FCBGA1440,Laptop
Intel Xeon D-2146NT @ 2.30GHz,641.0,11736,18.31,1802,2.81,80.0,146.69,8,2019,FCBGA2518,Server
Intel Xeon E5-2670 v2 @ 2.50GHz,79.0,11718,148.33,1658,20.99,115.0,101.9,10,2014,FCLGA2011,Server
AMD Ryzen 3 3100,137.95,11660,84.52,2427,17.59,65.0,179.38,4,2020,AM4,Desktop
Intel Xeon D-1577 @ 1.30GHz,1176.0,11645,9.9,1319,1.12,45.0,258.78,16,2020,FCBGA1667,Server
Intel Core i5-10500H @ 2.50GHz,250.0,11604,46.41,2620,10.48,45.0,257.86,6,2021,FCBGA1440,Laptop
Intel Xeon E5-2648L v4 @ 1.80GHz,1298.7,11547,8.89,1435,1.1,75.0,153.96,14,2017,FCLGA2011-3,Server
Intel Xeon E5-1650 v4 @ 3.60GHz,453.7,11534,25.42,2406,5.3,140.0,82.38,6,2016,FCLGA2011-3,Server
Intel Core i7-9850H @ 2.60GHz,1305.76,11483,8.79,2550,1.95,45.0,255.18,6,2019,unknown,Laptop
Intel Xeon E5-2650L v4 @ 1.70GHz,700.0,11436,16.34,1385,1.98,65.0,175.93,14,2017,FCLGA2011-3,Server
Intel Core i7-9750HF @ 2.60GHz,395.0,11391,28.84,2539,6.43,45.0,253.14,6,2020,FCBGA1440,Laptop
Intel Core i5-10600T @ 2.40GHz,213.0,11376,53.41,2422,11.37,35.0,325.02,6,2020,FCLGA1200,Desktop
Intel Xeon E5-2630 v4 @ 2.20GHz,374.95,11373,30.33,1774,4.73,85.0,133.8,10,2016,FCLGA2011-3,Server
Intel Xeon E5-4627 v3 @ 2.60GHz,2400.0,11344,4.73,1749,0.73,135.0,84.03,10,2016,FCLGA2011-3,Server
Intel Core i7-6850K @ 3.60GHz,326.97,11295,34.54,2407,7.36,140.0,80.68,6,2016,FCLGA2011-3,Desktop
Intel Core i7-9750H @ 2.60GHz,960.0,11207,11.67,2487,2.59,45.0,249.03,6,2019,FCBGA1440,Laptop
Intel Xeon E5-2640 v3 @ 2.60GHz,59.0,11205,189.91,1865,31.6,90.0,124.5,8,2014,LGA2011-v3,Server
Intel Xeon E5-2643 v4 @ 3.40GHz,383.5,11152,29.08,2249,5.87,135.0,82.61,6,2016,FCLGA2011-3,Server
Intel Xeon Silver 4208 @ 2.10GHz,482.01,11137,23.11,1821,3.78,85.0,131.02,8,2019,FCLGA3647,Server
Intel Core i5-1235U,309.0,11119,35.98,3335,10.79,15.0,741.27,2,2022,BGA1744,"Laptop, Mobile/Embedded"
Intel Xeon E-2226G @ 3.40GHz,326.54,11119,34.05,2853,8.74,80.0,138.99,6,2019,FCLGA1151-2,Server
Intel Core i7-1185G7E @ 2.80GHz,431.0,11114,25.79,3017,7.0,15.0,740.95,4,2021,FCBGA1449,"Laptop, Mobile/Embedded"
Intel Xeon E5-2628L v4 @ 1.90GHz,1364.0,11079,8.12,1433,1.05,75.0,147.72,12,2017,FCLGA2011-3,Server
Intel Core i5-11300H @ 3.10GHz,309.0,11048,35.75,2832,9.17,35.0,315.65,4,2021,FCBGA1449,Laptop
Intel Core i7-1195G7 @ 2.90GHz,426.0,11019,25.87,3084,7.24,28.0,393.52,4,2021,FCBGA1449,Laptop
Intel Core i7-1185G7 @ 3.00GHz,426.0,10948,25.7,2899,6.8,15.0,729.84,4,2020,BGA1526,Laptop
Intel Xeon E-2176M @ 2.70GHz,450.0,10946,24.32,2454,5.45,45.0,243.25,6,2018,FCBGA1440,Laptop
Intel Xeon E-2186M @ 2.90GHz,623.0,10904,17.5,2481,3.98,45.0,242.31,6,2018,FCBGA1440,Laptop
Intel Xeon E5-2470 v2 @ 2.40GHz,237.45,10902,45.91,1503,6.33,95.0,114.76,10,2016,LGA 1356,Server
Intel Core i7-11390H @ 3.40GHz,426.0,10897,25.58,3053,7.17,35.0,311.35,4,2021,FCBGA1449,Laptop
Intel Xeon E5-2630L v4 @ 1.80GHz,98.0,10864,110.86,1743,17.79,55.0,197.53,10,2017,FCLGA2011-3,Server
Intel Xeon W-2225 @ 4.10GHz,513.0,10844,21.14,2667,5.2,105.0,103.28,4,2020,FCLGA2066,Server
Intel Core i5-9600KF @ 3.70GHz,159.0,10838,68.16,2786,17.52,95.0,114.08,6,2019,FCLGA1151-2,Desktop
Intel Xeon E5-4650 v3 @ 2.10GHz,3838.0,10838,2.82,1384,0.36,105.0,103.22,12,2018,FCLGA2011-3,Server
Intel Core i7-9700TE @ 1.80GHz,323.0,10826,33.52,2309,7.15,35.0,309.32,8,2019,FCLGA1151-2,"Desktop, Laptop"
Intel Core i9-8950HK @ 2.90GHz,583.0,10803,18.53,2489,4.27,45.0,240.06,6,2018,FCBGA1440,Laptop
Intel Core i5-9600K @ 3.70GHz,232.6,10793,46.4,2773,11.92,95.0,113.61,6,2018,FCLGA1151-2,Desktop
Intel Xeon E-2126G @ 3.30GHz,320.29,10747,33.55,2652,8.28,80.0,134.34,6,2018,FCLGA1151-2,Server
Intel Core i7-9700T @ 2.00GHz,323.0,10736,33.24,2445,7.57,35.0,306.74,8,2019,FCLGA1151-2,Desktop
Intel Core i5-11320H @ 3.20GHz,309.0,10732,34.73,2951,9.55,35.0,306.64,4,2021,FCBGA1449,Laptop
Intel Core i7-6800K @ 3.40GHz,259.99,10681,41.08,2272,8.74,140.0,76.29,6,2016,LGA2011-v3,Desktop
Intel Core i7-1165G7 @ 2.80GHz,426.0,10595,24.87,2877,6.75,15.0,706.33,4,2020,BGA1526,Laptop
Intel Core i5-1155G7 @ 2.50GHz,309.0,10561,34.18,3014,9.75,28.0,377.2,4,2021,FCBGA1449,Laptop
Intel Xeon E5-4620 v3 @ 2.00GHz,778.7,10525,13.52,1486,1.91,105.0,100.24,10,2019,FCLGA2011-3,Server
Intel Xeon E5-2618L v3 @ 2.30GHz,1029.95,10464,10.16,1872,1.82,75.0,139.52,8,2017,LGA2011-v3,Server
Intel Core i5-1145G7E @ 2.60GHz,312.0,10454,33.51,2691,8.62,15.0,696.93,4,2021,FCBGA1449,Mobile/Embedded
Intel Core i7-8700T @ 2.40GHz,343.02,10431,30.41,2366,6.9,35.0,298.04,6,2018,FCLGA1151-2,Desktop
Intel Xeon E5-2630 v3 @ 2.40GHz,74.99,10392,138.58,1771,23.62,85.0,122.26,8,2014,LGA2011-v3,Server
Intel Xeon E5-2643 v3 @ 3.40GHz,2499.95,10391,4.16,2071,0.83,135.0,76.97,6,2015,LGA2011-v3,Server
Intel Xeon E5-2660 v2 @ 2.20GHz,79.0,10382,131.41,1498,18.96,95.0,109.28,10,2014,LGA 2011,Server
Intel Xeon E5-1650 v3 @ 3.50GHz,819.95,10373,12.65,2116,2.58,140.0,74.1,6,2014,LGA2011-v3,Server
Intel Core i5-9600 @ 3.10GHz,256.55,10369,40.42,2751,10.72,65.0,159.53,6,2019,FCLGA1151-2,Desktop
Intel Core i5-10500T @ 2.30GHz,192.0,10365,53.98,2342,12.2,35.0,296.14,6,2020,FCLGA1200,Desktop
Intel Xeon Silver 4109T @ 2.00GHz,607.75,10348,17.03,1445,2.38,70.0,147.83,8,2018,FCLGA3647,Server
Intel Core i7-8850H @ 2.60GHz,395.0,10333,26.16,2399,6.07,45.0,229.62,6,2018,FCBGA1440,Laptop
Intel Core i5-9500F @ 3.00GHz,182.0,10330,56.76,2676,14.7,65.0,158.92,6,2019,FCLGA1151-2,Desktop
Intel Core i3-10325 @ 3.90GHz,154.0,10308,66.94,2890,18.77,65.0,158.59,4,2022,FCLGA1200,Desktop
Intel Core i7-5930K @ 3.50GHz,319.95,10304,32.21,2063,6.45,140.0,73.6,6,2014,LGA2011-v3,Desktop
Intel Xeon E5-2658 v2 @ 2.40GHz,3604.0,10274,2.85,1442,0.4,95.0,108.15,10,2013,LGA 2011,Server
Intel Xeon Silver 4110 @ 2.10GHz,530.0,10246,19.33,1613,3.04,85.0,120.54,8,2017,FCLGA3647,Server
Intel Xeon E5-1660 v2 @ 3.70GHz,1798.95,10223,5.68,2073,1.15,130.0,78.64,6,2013,LGA 2011,Server
Intel Core i5-8600K @ 3.60GHz,235.99,10195,43.2,2609,11.05,95.0,107.32,6,2017,FCLGA1151-2,Desktop
Intel Core i7-10710U @ 1.10GHz,644.99,10126,15.7,2460,3.81,15.0,675.07,6,2019,FCBGA1528,Laptop
Intel Core i3-10320 @ 3.80GHz,133.95,10115,75.51,2848,21.26,65.0,155.61,4,2020,FCLGA1200,Desktop
Intel Core i5-1135G7 @ 2.40GHz,309.0,10100,32.68,2727,8.82,15.0,673.3,4,2020,BGA1526,Laptop
Intel Core i7-1068NG7 @ 2.30GHz,426.0,10093,23.69,2484,5.83,28.0,360.46,4,2020,FCBGA1344,Laptop
Intel Core i7-8750H @ 2.20GHz,395.0,10085,25.53,2331,5.9,45.0,224.12,6,2018,FCBGA1440,Laptop
Intel Core i5-10400T @ 2.00GHz,182.0,10052,55.23,2168,11.91,35.0,287.2,6,2020,FCLGA1200,Desktop
Intel Xeon W-2125 @ 4.00GHz,998.95,10039,10.05,2599,2.6,120.0,83.66,4,2017,FCLGA2066,Server
Intel Xeon E5-2650 v2 @ 2.60GHz,70.0,9995,142.78,1675,23.93,95.0,105.21,8,2013,FCLGA2011,Server
Intel Core i5-10500TE @ 2.30GHz,195.0,9960,51.08,2145,11.0,35.0,284.58,6,2022,FCLGA1200,"Laptop, Mobile/Embedded"
Intel Core i7-4960X @ 3.60GHz,1250.0,9906,7.92,2078,1.66,130.0,76.2,6,2013,LGA2011,Desktop
Intel Xeon E-2234 @ 3.60GHz,294.99,9903,33.57,2871,9.73,71.0,139.48,4,2020,FCLGA1151-2,Server
Intel Core i7-7740X @ 4.30GHz,225.99,9864,43.65,2805,12.41,112.0,88.07,4,2017,FCLGA2066,Desktop
Intel Core i5-8600 @ 3.10GHz,275.67,9849,35.73,2582,9.36,65.0,151.52,6,2018,FCLGA1151-2,Desktop
Intel Xeon E5-2648L v3 @ 1.80GHz,1530.37,9847,6.43,1292,0.84,75.0,131.29,12,2016,LGA2011-v3,Server
Intel Xeon E5-2690 @ 2.90GHz,135.4,9832,72.61,1657,12.24,135.0,72.83,8,2012,LGA2011,Server
Intel Xeon E-2244G @ 3.80GHz,413.0,9826,23.79,2807,6.8,71.0,138.39,4,2019,FCLGA1151-2,Server
Intel Core i7-5820K @ 3.30GHz,255.36,9814,38.43,2010,7.87,140.0,70.1,6,2014,LGA2011-v3,Desktop
Intel Xeon E5-2687W @ 3.10GHz,192.0,9796,51.02,1693,8.82,150.0,65.31,8,2012,LGA2011,Server
Intel Xeon E5-2689 @ 2.60GHz,182.75,9767,53.45,1571,8.6,115.0,84.93,8,2013,LGA 2011,Server
Intel Core i5-1130G7 @ 1.10GHz,309.0,9756,31.57,2549,8.25,15.0,650.39,4,2021,BGA 1449,Laptop
Intel Core i5-9500 @ 3.00GHz,297.59,9698,32.59,2578,8.66,65.0,149.2,6,2019,FCLGA1151-2,Desktop
Intel Core i3-10305 @ 3.80GHz,159.99,9689,60.56,2834,17.71,65.0,149.06,4,2021,FCLGA1200,Desktop
Intel Xeon E-2274G @ 4.00GHz,334.0,9660,28.92,2758,8.26,83.0,116.39,4,2019,FCLGA1151-2,Server
Intel Core i7-7700K @ 4.20GHz,349.44,9658,27.64,2730,7.81,95.0,101.66,4,2016,LGA 1151,Desktop
Intel Core i5-1038NG7 @ 2.00GHz,320.0,9626,30.08,2323,7.26,28.0,343.8,4,2020,FCBGA1344,Laptop
Intel Xeon E-2174G @ 3.80GHz,349.99,9596,27.42,2650,7.57,71.0,135.15,4,2018,FCLGA1151-2,Server
Intel Core i5-8500 @ 3.00GHz,190.0,9576,50.4,2485,13.08,65.0,147.32,6,2018,FCLGA1151-2,Desktop
Intel Core i5-9400F @ 2.90GHz,129.99,9544,73.42,2471,19.01,65.0,146.84,6,2019,FCLGA1151-2,"Desktop, Laptop"
Intel Core i5-9400 @ 2.90GHz,139.99,9478,67.71,2479,17.71,65.0,145.82,6,2019,FCLGA1151-2,Desktop
Intel Core i5-8500B @ 3.00GHz,192.0,9429,49.11,2574,13.41,65.0,145.06,6,2019,FCBGA1440,Laptop
Intel Xeon Gold 5222 @ 3.80GHz,1476.32,9428,6.39,2372,1.61,105.0,89.79,4,2019,FCLGA3647,Server
Intel Xeon E5-4655 v3 @ 2.90GHz,4616.0,9377,2.03,1817,0.39,135.0,69.46,6,2018,FCLGA2011-3,Server
Intel Xeon E5-2680 @ 2.70GHz,85.45,9361,109.55,1561,18.27,130.0,72.01,8,2012,LGA2011,Server
Intel Core i7-4930K @ 3.40GHz,174.85,9360,53.53,1963,11.23,130.0,72,6,2013,LGA2011,Desktop
AMD Ryzen 5 3400G,228.0,9331,40.93,2360,10.35,65.0,143.56,4,2019,AM4,Desktop
Intel Xeon E5-1650 v2 @ 3.50GHz,238.02,9323,39.17,2026,8.51,130.0,71.71,6,2013,FCLGA2011,Server
Intel Xeon E-2144G @ 3.60GHz,301.17,9322,30.95,2679,8.89,71.0,131.29,4,2019,FCLGA1151-2,Server
Intel Xeon E5-4627 v2 @ 3.30GHz,498.95,9320,18.68,1786,3.58,130.0,71.69,8,2015,FCLGA2011,Server
Intel Core i3-10300 @ 3.70GHz,138.99,9284,66.79,2677,19.26,65.0,142.82,4,2020,FCLGA1200,Desktop
Intel Xeon E3-1285 v6 @ 4.10GHz,544.91,9276,17.02,2692,4.94,79.0,117.41,4,2018,FCLGA1151,Server
Intel Xeon Silver 4108 @ 1.80GHz,489.95,9262,18.9,1558,3.18,85.0,108.97,8,2018,FCLGA3647,Server
Intel Xeon E3-1275 v6 @ 3.80GHz,353.61,9229,26.1,2593,7.33,73.0,126.43,4,2017,FCLGA1151,Server
Intel Core i5-8400 @ 2.80GHz,230.0,9222,40.1,2404,10.45,65.0,141.88,6,2017,FCLGA1151-2,Desktop
Intel Core i5-9500TE @ 2.20GHz,192.0,9212,47.98,2296,11.96,35.0,263.21,6,2020,FCLGA1151-2,Laptop
Intel Xeon E3-1280 v6 @ 3.90GHz,592.18,9166,15.48,2561,4.32,72.0,127.3,4,2017,FCLGA1151,Server
Intel Xeon E5-2620 v4 @ 2.10GHz,253.99,9152,36.03,1610,6.34,85.0,107.68,8,2016,FCLGA2011-3,Server
Intel Xeon E5-2629 v3 @ 2.40GHz,499.88,9139,18.28,1426,2.85,85.0,107.52,8,2016,LGA2011-v3,Server
Intel Core i7-9850HL @ 1.90GHz,395.0,9112,23.07,2139,5.42,25.0,364.49,6,2019,FCBGA1440,"Desktop, Laptop"
Intel Xeon D-1715TER @ 2.40GHz,285.0,9104,31.94,2269,7.96,50.0,182.08,4,2022,FCBGA2227,Server
AMD Ryzen 5 1500X,120.36,9083,75.47,2110,17.53,65.0,139.75,4,2017,AM4,Desktop
Intel Xeon E5-2643 v2 @ 3.50GHz,398.95,9083,22.77,1895,4.75,130.0,69.87,6,2013,FCLGA2011,Server
Intel Xeon D-1548 @ 2.00GHz,555.0,9075,16.35,1647,2.97,45.0,201.66,8,2019,FCBGA1667,Server
Intel Xeon E5-2630L v3 @ 1.80GHz,79.0,8978,113.64,1532,19.39,55.0,163.23,8,2016,LGA2011-v3,Server
Intel Core i7-6700K @ 4.00GHz,230.0,8967,38.99,2520,10.96,95.0,94.39,4,2015,LGA1151,Desktop
Intel Core i3-10105 @ 3.70GHz,107.0,8928,83.44,2718,25.4,65.0,137.36,4,2021,FCLGA1200,Desktop
Intel Core i5-10400H @ 2.60GHz,250.0,8916,35.66,2738,10.95,45.0,198.13,4,2020,FCBGA1440,Laptop
Intel Xeon E5-2670 @ 2.60GHz,71.0,8902,125.37,1477,20.8,115.0,77.41,8,2012,LGA2011,Server
Intel Xeon E3-1270 v6 @ 3.80GHz,316.71,8862,27.98,2462,7.77,72.0,123.08,4,2017,FCLGA1151,Server
Intel Core i3-10100F @ 3.60GHz,79.99,8854,110.69,2604,32.56,65.0,136.22,4,2020,FCLGA1200,Desktop
Intel Xeon E3-1240 v6 @ 3.70GHz,374.45,8853,23.64,2456,6.56,72.0,122.95,4,2017,FCLGA1151,Server
Intel Core i3-10100 @ 3.60GHz,112.99,8800,77.88,2637,23.34,65.0,135.39,4,2020,FCLGA1200,Desktop
Intel Xeon Gold 5122 @ 3.60GHz,904.33,8771,9.7,2120,2.34,105.0,83.53,4,2017,FCLGA3647,Server
Intel Core i7-8559U @ 2.70GHz,617.0,8745,14.17,2580,4.18,28.0,312.32,4,2018,FCBGA1528,Laptop
Intel Xeon E-2134 @ 3.50GHz,297.57,8741,29.37,2569,8.63,71.0,123.11,4,2019,FCLGA1151-2,Server
AMD Ryzen 5 2400G,214.0,8729,40.79,2158,10.09,65.0,134.29,4,2018,AM4,Desktop
Intel Core i5-10300H @ 2.50GHz,250.0,8692,34.77,2616,10.47,45.0,193.15,4,2020,FCBGA1440,"Desktop, Laptop"
Intel Xeon W-2223 @ 3.60GHz,289.99,8686,29.95,2255,7.78,120.0,72.39,4,2020,FCLGA2066,Server
Intel Core i7-1065G7 @ 1.30GHz,426.0,8668,20.35,2401,5.64,15.0,577.88,4,2019,FCBGA-1526,Laptop
Intel Xeon E3-1245 v6 @ 3.70GHz,496.3,8659,17.45,2441,4.92,73.0,118.62,4,2017,FCLGA1151,Server
Intel Core i7-7700 @ 3.60GHz,219.99,8638,39.27,2472,11.24,65.0,132.9,4,2016,LGA1151,Desktop
Intel Xeon E5-4650 @ 2.70GHz,78.19,8630,110.38,1476,18.87,130.0,66.39,8,2012,LGA2011,Server
Intel Xeon E5-2648L v2 @ 1.90GHz,945.0,8611,9.11,1350,1.43,70.0,123.01,10,2017,FCLGA2011,Server
Intel Core i7-3960X @ 3.30GHz,159.99,8596,53.73,1816,11.35,130.0,66.12,6,2011,LGA2011,Desktop
Intel Core i7-8569U @ 2.80GHz,431.0,8523,19.78,2773,6.43,28.0,304.4,4,2020,FCBGA1528,Laptop
Intel Xeon W-2123 @ 3.60GHz,427.11,8489,19.87,2229,5.22,120.0,70.74,4,2017,FCLGA2066,Server
Intel Xeon E5-4650L @ 2.60GHz,59.99,8472,141.22,1393,23.23,115.0,73.67,8,2017,LGA 2011,Server
Intel Xeon E-2314 @ 2.80GHz,195.0,8422,43.19,3089,15.84,65.0,129.57,4,2022,FCLGA1200,Server
Intel Xeon E3-1275 v5 @ 3.60GHz,444.04,8421,18.97,2327,5.24,80.0,105.27,4,2015,FCLGA1151,Server
Intel Xeon E5-1660 @ 3.30GHz,267.19,8417,31.5,1790,6.7,130.0,64.75,6,2012,LGA2011,Server
Intel Core i5-10200H @ 2.40GHz,250.0,8414,33.65,2481,9.93,45.0,186.97,4,2020,FCBGA1440,Laptop
Intel Xeon E5-2665 @ 2.40GHz,88.0,8411,95.58,1399,15.89,115.0,73.14,8,2012,LGA2011,Server
Intel Xeon E3-1585 v5 @ 3.50GHz,556.0,8408,15.12,2402,4.32,65.0,129.35,4,2017,FCBGA1440,Server
Intel Xeon E3-1230 v6 @ 3.50GHz,595.44,8408,14.12,2352,3.95,72.0,116.77,4,2017,FCLGA1151,Server
Intel Core i5-9600T @ 2.30GHz,213.0,8393,39.4,2175,10.21,35.0,239.79,6,2019,FCLGA1151-2,Desktop
Intel Core i5-1035G7 @ 1.20GHz,320.0,8388,26.21,2299,7.18,15.0,559.21,4,2019,FCBGA1526,Laptop
Intel Core i7-3970X @ 3.50GHz,187.0,8373,44.78,1832,9.8,150.0,55.82,6,2012,LGA2011,Desktop
Intel Core i7-10810U @ 1.10GHz,443.0,8353,18.86,2322,5.24,15.0,556.88,6,2020,FCBGA1528,Laptop
Intel Xeon E3-1280 v5 @ 3.70GHz,395.0,8320,21.06,2343,5.93,80.0,104,4,2016,FCLGA1151,Server
AMD Opteron 6386 SE,135.09,8320,61.59,1340,9.92,140.0,59.43,16,2014,Socket G34,Server
Intel Xeon E3-1270 v5 @ 3.60GHz,912.0,8317,9.12,2279,2.5,80.0,103.96,4,2015,FCLGA1151,Server
Intel Core i5-9400H @ 2.50GHz,250.0,8261,33.04,2501,10.01,45.0,183.57,4,2019,FCBGA1440,Laptop
Intel Core i5-9500T @ 2.20GHz,192.0,8256,43.0,2200,11.46,35.0,235.88,6,2019,FCLGA1151-2,Desktop
Intel Xeon E3-1240 v5 @ 3.50GHz,325.0,8254,25.4,2323,7.15,80.0,103.18,4,2015,FCLGA1151,Server
Intel Core i5-1035G4 @ 1.10GHz,309.0,8251,26.7,2277,7.37,15.0,550.09,4,2019,FCBGA1526,Laptop
Intel Core i7-3930K @ 3.20GHz,250.0,8244,32.98,1762,7.05,130.0,63.42,6,2011,LGA2011,Desktop
Intel Xeon E5-2470 @ 2.30GHz,140.0,8240,58.85,1443,10.31,95.0,86.73,8,2013,LGA 1356,Server
Intel Core i3-10100E @ 3.20GHz,125.0,8229,65.83,2297,18.38,65.0,126.59,4,2021,FCLGA1200,"Desktop, Mobile/Embedded"
Intel Core i5-8600T @ 2.30GHz,199.99,8227,41.14,2180,10.9,35.0,235.06,6,2018,FCLGA1151-2,Desktop
Intel Core i7-8557U @ 1.70GHz,431.0,8225,19.08,2571,5.96,15.0,548.35,4,2019,FCBGA1528,Laptop
Intel Xeon E3-1535M v6 @ 3.10GHz,623.0,8184,13.14,2386,3.83,35.0,233.81,4,2017,FCBGA1440,"Laptop, Server"
Intel Xeon E-2276ME @ 2.80GHz,450.0,8167,18.15,1604,3.56,45.0,181.5,6,2021,FCBGA1440,"Server, Mobile/Embedded"
Intel Core i3-10305T @ 3.00GHz,143.0,8136,56.9,2456,17.18,35.0,232.46,4,2021,FCLGA1200,Desktop
Intel Core i5-8259U @ 2.30GHz,519.99,8131,15.64,2246,4.32,28.0,290.39,4,2018,FCBGA1528,Laptop
Intel Xeon E5-1650 @ 3.20GHz,112.0,8113,72.44,1745,15.58,130.0,62.41,6,2012,LGA2011,Server
Intel Xeon E5-2660 @ 2.20GHz,64.73,8104,125.19,1395,21.55,95.0,85.3,8,2012,LGA2011,Server
Intel Core i7-6700 @ 3.40GHz,255.0,8078,31.68,2300,9.02,65.0,124.27,4,2015,LGA 1151,Desktop
Intel Xeon E3-1245 v5 @ 3.50GHz,139.99,8073,57.67,2284,16.32,80.0,100.91,4,2015,FCLGA1151,Server
Intel Core i7-4790K @ 4.00GHz,206.87,8061,38.97,2467,11.93,88.0,91.6,4,2014,LGA1150,Desktop
Intel Core i5-8269U @ 2.60GHz,320.0,8055,25.17,2561,8.0,28.0,287.69,4,2021,FCBGA1528,"Laptop, Mobile/Embedded"
Intel Core i5-8400H @ 2.50GHz,250.0,8037,32.15,2466,9.86,45.0,178.61,4,2018,FCBGA1440,Laptop
AMD Opteron 6348,1708.67,8030,4.7,1302,0.76,115.0,69.83,6,2013,unknown,Server
Intel Core i5-8279U @ 2.40GHz,320.0,8028,25.09,2466,7.71,28.0,286.73,4,2019,FCBGA1528,Laptop
Intel Xeon E3-1285L v4 @ 3.40GHz,1230.0,8022,6.52,2340,1.9,65.0,123.42,4,2016,LGA1150,Server
Intel Xeon E3-1585L v5 @ 3.00GHz,445.0,8021,18.02,2179,4.9,45.0,178.24,4,2018,FCBGA1440,Server
Intel Core i3-10300T @ 3.00GHz,174.28,7997,45.89,2350,13.49,35.0,228.49,4,2020,FCLGA1200,Desktop
Intel Core i7-8705G @ 3.10GHz,1535.11,7947,5.18,2288,1.49,65.0,122.26,4,2018,BGA2270,Laptop
Intel Xeon E5-2620 v3 @ 2.40GHz,55.24,7906,143.12,1693,30.64,85.0,93.01,6,2014,LGA2011-v3,Server
Intel Xeon E3-1230 v5 @ 3.40GHz,916.0,7880,8.6,2122,2.32,80.0,98.5,4,2016,FCLGA1151,Server
Intel Core i5-8260U @ 1.60GHz,439.99,7854,17.85,2313,5.26,15.0,523.57,4,2020,FCBGA1528,Laptop
Intel Core i3-10105T @ 3.00GHz,122.0,7850,64.34,2350,19.26,35.0,224.28,4,2021,FCLGA1200,Desktop
Intel Core i5-9400T @ 1.80GHz,182.0,7819,42.96,2057,11.3,35.0,223.39,6,2019,FCLGA1151-2,Desktop
Intel Core i7-5775C @ 3.30GHz,174.95,7801,44.59,2318,13.25,65.0,120.02,4,2015,FCLGA1150,Desktop
Intel Core i5-9300H @ 2.40GHz,250.0,7793,31.17,2349,9.39,45.0,173.17,4,2019,FCBGA1440,Laptop
AMD Ryzen 5 1400,109.65,7783,70.98,1904,17.36,65.0,119.74,4,2017,AM4,Desktop
Intel Xeon E3-1260L v5 @ 2.90GHz,258.7,7757,29.98,2287,8.84,45.0,172.37,4,2016,FCLGA1151,Server
Intel Xeon E5-2640 v2 @ 2.00GHz,66.01,7741,117.27,1275,19.32,95.0,81.48,8,2014,LGA 2011,Server
Intel Core i5-1035G1 @ 1.00GHz,297.0,7737,26.05,2307,7.77,15.0,515.8,4,2019,FCBGA1526,Laptop
Intel Xeon D-2123IT @ 2.20GHz,213.0,7731,36.3,1750,8.22,60.0,128.86,4,2018,FCBGA2518,Server
Intel Core i5-8500T @ 2.10GHz,247.53,7699,31.11,2045,8.26,35.0,219.98,6,2018,FCLGA1151-2,Desktop
Intel Core i3-9350K @ 4.00GHz,293.22,7694,26.24,2823,9.63,91.0,84.55,4,2020,FCLGA1151,Desktop
Intel Core i7-7820HK @ 2.90GHz,378.0,7682,20.32,2179,5.76,45.0,170.72,4,2017,FCBGA1440,Laptop
Intel Core i5-8257U @ 1.40GHz,320.0,7680,24.0,2314,7.23,15.0,512.02,4,2019,FCBGA1528,Laptop
Intel Core i5-9300HF @ 2.40GHz,250.0,7678,30.71,2360,9.44,45.0,170.62,4,2020,FCBGA1440,Laptop
Intel Xeon E3-1575M v5 @ 3.00GHz,1207.0,7629,6.32,2125,1.76,45.0,169.54,4,2016,FCBGA1440,Server
Intel Xeon E5-2623 v4 @ 2.60GHz,84.0,7582,90.26,1696,20.2,85.0,89.2,4,2016,FCLGA2011-3,Server
AMD Ryzen 3 2300X,178.09,7566,42.48,2364,13.28,65.0,116.4,4,2019,AM4,Desktop
Intel Core i7-7700T @ 2.90GHz,390.0,7561,19.39,2156,5.53,35.0,216.04,4,2017,FCLGA1151,Desktop
Intel Xeon E-2224G @ 3.50GHz,267.56,7545,28.2,2726,10.19,71.0,106.26,4,2019,FCLGA1151-2,Server
Intel Core i5-8300H @ 2.30GHz,250.0,7542,30.17,2309,9.24,45.0,167.59,4,2018,FCLGA1151-2,Laptop
Intel Xeon E3-1535M v5 @ 2.90GHz,623.0,7523,12.07,2124,3.41,45.0,167.17,4,2015,FCBGA1440,"Laptop, Server"
Intel Xeon E-2124G @ 3.40GHz,229.99,7518,32.69,2749,11.95,71.0,105.89,4,2018,FCLGA1151-2,Server
Intel Xeon E5-2667 @ 2.90GHz,96.19,7501,77.98,1596,16.6,130.0,57.7,6,2012,LGA2011,Server
Intel Xeon E5-2637 v3 @ 3.50GHz,112.0,7485,66.83,2040,18.22,135.0,55.44,4,2014,LGA2011-v3,Server
Intel Xeon E5-2650L v2 @ 1.70GHz,79.0,7475,94.62,1102,13.95,70.0,106.79,10,2017,FCLGA2011,Server
Intel Xeon E5-2630 v2 @ 2.60GHz,69.0,7470,108.26,1574,22.82,80.0,93.37,6,2013,FCLGA2011,Server
Intel Xeon E5-1630 v3 @ 3.70GHz,1346.0,7456,5.54,2127,1.58,140.0,53.26,4,2014,LGA2011-v3,Server
Intel Core i7-7820EQ @ 3.00GHz,378.0,7453,19.72,2207,5.84,45.0,165.63,4,2019,FCBGA1440,Laptop
Intel Core i7-7920HQ @ 3.10GHz,568.0,7449,13.11,2226,3.92,45.0,165.53,4,2017,FCBGA1440,Laptop
Intel Xeon D-1531 @ 2.20GHz,348.0,7447,21.4,1424,4.09,45.0,165.48,6,2017,FCBGA1667,Server
Intel Core i5-8400T @ 1.70GHz,239.84,7447,31.05,1924,8.02,35.0,212.77,6,2018,FCLGA1151-2,Desktop
Intel Xeon E5-1620 v4 @ 3.50GHz,219.3,7437,33.91,2251,10.27,140.0,53.12,4,2016,FCLGA2011-3,Server
Intel Xeon E3-1271 v3 @ 3.60GHz,149.99,7432,49.55,2271,15.14,80.0,92.91,4,2014,FCLGA1150,Server
Intel Xeon E3-1286 v3 @ 3.70GHz,839.0,7418,8.84,2391,2.85,84.0,88.31,4,2014,LGA1150,Server
Intel Xeon E5-2450 @ 2.10GHz,64.0,7410,115.78,1154,18.02,95.0,78,8,2015,LGA 1356,Server
Intel Xeon E3-1281 v3 @ 3.70GHz,546.25,7406,13.56,2340,4.28,82.0,90.31,4,2015,LGA1150,Server
Intel Core i3-10100T @ 3.00GHz,122.0,7405,60.7,2319,19.01,35.0,211.57,4,2020,FCLGA1200,Laptop
Intel Core i7-6920HQ @ 2.90GHz,568.0,7378,12.99,2119,3.73,45.0,163.96,4,2016,FCBGA1440,Laptop
Intel Core i3-9320 @ 3.70GHz,217.97,7358,33.76,2711,12.44,62.0,118.68,4,2019,FCLGA1151-2,Desktop
Intel Xeon E3-1276 v3 @ 3.60GHz,978.0,7345,7.51,2258,2.31,84.0,87.45,4,2014,FCLGA1150,Server
Intel Xeon E5-2650 @ 2.00GHz,49.0,7335,149.68,1266,25.84,95.0,77.21,8,2012,LGA2011,Server
Intel Core i3-9350KF @ 4.00GHz,207.36,7318,35.29,2666,12.86,91.0,80.42,4,2019,FCLGA1151-2,Desktop
Intel Core i3-9300 @ 3.70GHz,194.99,7279,37.33,2666,13.67,62.0,117.4,4,2019,FCLGA1151-2,Desktop
Intel Core i7-6700T @ 2.80GHz,299.0,7271,24.32,2091,6.99,35.0,207.74,4,2015,LGA 1151,Desktop
Intel Xeon E3-1280 v3 @ 3.60GHz,249.0,7256,29.14,2294,9.21,82.0,88.49,4,2013,LGA1150,Server
Intel Xeon E3-1270 v3 @ 3.50GHz,128.99,7245,56.17,2184,16.93,80.0,90.56,4,2013,LGA1150,Server
Intel Core i7-4790 @ 3.60GHz,200.0,7235,36.18,2234,11.17,84.0,86.13,4,2014,FCLGA1150,Desktop
Intel Xeon E5-4610 v3 @ 1.70GHz,1219.0,7229,5.93,1027,0.84,105.0,68.85,10,2019,FCLGA2011-3,Server
Intel Xeon E-2224 @ 3.40GHz,250.17,7223,28.87,2434,9.73,71.0,101.73,4,2019,FCLGA1151-2,Server
Intel Xeon E3-1246 v3 @ 3.50GHz,826.0,7218,8.74,2189,2.65,84.0,85.93,4,2014,FCLGA1150,Server
Intel Core i7-7820HQ @ 2.90GHz,378.0,7209,19.07,2140,5.66,45.0,160.19,4,2017,FCBGA1440,Laptop
Intel Xeon W3690 @ 3.47GHz,450.19,7208,16.01,1606,3.57,130.0,55.45,6,2011,LGA1366,Server
AMD Ryzen 3 3200G,144.99,7188,49.57,2218,15.3,65.0,110.58,4,2019,AM4,Desktop
Intel Xeon D-1537 @ 1.70GHz,571.0,7176,12.57,1104,1.93,35.0,205.03,8,2018,FCBGA1667,Server
Intel Xeon D-1539 @ 1.60GHz,486.0,7175,14.76,1179,2.43,35.0,204.99,8,2019,FCBGA1667,Server
Intel Core i7-6770HQ @ 2.60GHz,619.0,7145,11.54,1966,3.18,45.0,158.78,4,2016,FCBGA1440,Laptop
Intel Xeon E3-1275 v3 @ 3.50GHz,199.99,7143,35.72,2213,11.06,95.0,75.19,4,2013,LGA1150,Server
Intel Core i7-990X @ 3.47GHz,1500.19,7137,4.76,1600,1.07,130.0,54.9,6,2011,LGA1366,Desktop
Intel Core i7-4770K @ 3.50GHz,329.99,7129,21.6,2165,6.56,84.0,84.87,4,2013,LGA1150,Desktop
Intel Xeon D-1557 @ 1.50GHz,694.0,7118,10.26,718,1.03,45.0,158.18,12,2019,FCBGA1667,Server
Intel Core i7-4771 @ 3.50GHz,196.86,7074,35.93,2190,11.13,84.0,84.21,4,2013,LGA1150,Desktop
Intel Xeon E3-1241 v3 @ 3.50GHz,79.99,7070,88.39,2150,26.88,80.0,88.38,4,2014,LGA1150,Server
Intel Xeon E3-1240 v3 @ 3.40GHz,64.87,7065,108.91,2161,33.31,80.0,88.32,4,2013,LGA1150,Server
Intel Core i7-10610U @ 1.80GHz,409.0,7062,17.27,2362,5.78,15.0,470.77,4,2020,FCBGA1528,Laptop
Intel Core i7-4940MX @ 3.10GHz,699.95,7060,10.09,2286,3.27,57.0,123.86,4,2014,"FPGA946,FPGA947",Laptop
Intel Core i7-5850EQ @ 2.70GHz,435.0,7036,16.17,2119,4.87,47.0,149.7,4,2018,FCBGA1364,Laptop
Intel Core i7-4770 @ 3.40GHz,178.69,7030,39.34,2166,12.12,84.0,83.69,4,2013,LGA1150,Desktop
Intel Core i7-980 @ 3.33GHz,160.19,7018,43.81,1558,9.73,130.0,53.99,6,2011,LGA1366,Desktop
Intel Xeon E5-4640 @ 2.40GHz,59.99,7012,116.89,1233,20.55,95.0,73.81,8,2012,LGA2011,Server
Intel Xeon E3-1245 v3 @ 3.40GHz,299.0,7008,23.44,2142,7.16,84.0,83.43,4,2013,LGA1150,Server
Intel Xeon E3-1231 v3 @ 3.40GHz,498.95,6998,14.03,2152,4.31,80.0,87.48,4,2014,FCLGA1150,Server
Intel Xeon E5-1620 v3 @ 3.50GHz,79.46,6991,87.98,2024,25.48,140.0,49.93,4,2014,LGA2011-v3,Server
Intel Xeon E5-4607 v2 @ 2.60GHz,72.8,6986,95.96,1363,18.73,95.0,73.54,6,2016,FCLGA2011,Server
Intel Xeon E-2124 @ 3.30GHz,204.99,6977,34.04,2537,12.37,71.0,98.27,4,2019,FCLGA1151-2,Server
Intel Core i7-7700HQ @ 2.80GHz,378.0,6957,18.4,2070,5.48,45.0,154.59,4,2016,FCBGA1440,Laptop
Intel Core i7-4790S @ 3.20GHz,163.0,6954,42.66,2198,13.49,65.0,106.98,4,2014,LGA1150,Desktop
Intel Xeon E5-2440 v2 @ 1.90GHz,499.95,6927,13.86,962,1.93,95.0,72.92,8,2014,LGA 1356,Server
AMD Ryzen 3 1300X,115.0,6925,60.22,2096,18.23,65.0,106.54,4,2017,AM4,Desktop
Intel Xeon W3680 @ 3.33GHz,47.85,6917,144.57,1547,32.33,130.0,53.21,6,2010,LGA1366,Server
Intel Core i7-6820HK @ 2.70GHz,378.0,6906,18.27,1941,5.13,45.0,153.46,4,2015,FCBGA1440,Laptop
Intel Xeon E5-2637 v4 @ 3.50GHz,143.0,6897,48.23,2073,14.5,135.0,51.09,4,2016,FCLGA2011-3,Server
Intel Pentium Gold G7400,66.99,6896,102.94,3084,46.03,46.0,149.92,2,2022,"LGA1700,BGA1700",Desktop
Intel Core i5-7600K @ 3.80GHz,165.99,6869,41.38,2566,15.46,91.0,75.49,4,2017,FCLGA1151,Desktop
Intel Xeon E5-2623 v3 @ 3.00GHz,249.95,6869,27.48,1861,7.45,105.0,65.42,4,2015,LGA2011-v3,Server
Intel Xeon X5690 @ 3.47GHz,189.06,6867,36.32,1608,8.51,130.0,52.82,6,2011,LGA1366,Server
Intel Core i7-5850HQ @ 2.70GHz,434.0,6866,15.82,2219,5.11,47.0,146.08,4,2015,FCBGA1364,Laptop
Intel Xeon E5-2430 v2 @ 2.50GHz,201.5,6864,34.07,1413,7.01,80.0,85.8,6,2014,LGA 1356,Server
Intel Core i3-8350K @ 4.00GHz,206.16,6862,33.29,2489,12.07,91.0,75.41,4,2017,FCLGA1151-2,Desktop
Intel Xeon E3-1285L v3 @ 3.10GHz,899.99,6848,7.61,2132,2.37,65.0,105.35,4,2014,LGA1150,Server
Intel Core i7-10510U @ 1.80GHz,409.0,6837,16.72,2363,5.78,15.0,455.82,4,2019,FCBGA1528,Laptop
Intel Xeon E5-4620 @ 2.20GHz,71.96,6830,94.91,1239,17.22,95.0,71.89,8,2015,LGA 2011,Server
Intel Core i7-4770S @ 3.10GHz,1270.0,6819,5.37,2148,1.69,65.0,104.91,4,2013,LGA1150,Desktop
Intel Core i7-980X @ 3.33GHz,144.62,6813,47.11,1532,10.59,130.0,52.41,6,2010,LGA1366,Desktop
Intel Xeon X5680 @ 3.33GHz,145.0,6811,46.97,1510,10.41,130.0,52.39,6,2010,LGA1366,Server
AMD Ryzen 3 2200G,124.0,6781,54.69,2060,16.61,65.0,104.33,4,2018,AM4,Desktop
Intel Core i7-4960HQ @ 2.60GHz,623.0,6779,10.88,2188,3.51,47.0,144.23,4,2013,FCBGA1364,Laptop
Intel Xeon E5-2448L v2 @ 1.80GHz,1424.0,6774,4.76,1235,0.87,70.0,96.77,10,2018,LGA 1356,Server
AMD FX-9590 Eight-Core,344.04,6768,19.67,1829,5.32,220.0,30.76,4,2013,AM3+,Desktop
Intel Core i3-9100F @ 3.60GHz,124.0,6768,54.58,2519,20.32,65.0,104.12,4,2019,FCLGA1151-2,Desktop
Intel Xeon E3-1230 v3 @ 3.30GHz,299.99,6760,22.53,2081,6.94,80.0,84.5,4,2013,LGA1150,Server
Intel Core i7-4930MX @ 3.00GHz,1096.0,6753,6.16,2180,1.99,57.0,118.48,4,2013,FCPGA946,Laptop
Intel Core i5-7640X @ 4.00GHz,65.0,6675,102.69,2511,38.63,112.0,59.6,4,2017,FCLGA2066,Desktop
Intel Core i5-10310U @ 1.70GHz,297.0,6658,22.42,2281,7.68,15.0,443.89,4,2020,FCBGA1528,Laptop
AMD Opteron 6380,855.79,6645,7.76,1096,1.28,115.0,57.78,8,2015,G34,Server
Intel Core i3-9100 @ 3.60GHz,169.96,6625,38.98,2519,14.82,65.0,101.93,4,2019,FCLGA1151-2,Desktop
Intel Xeon E3-1275 V2 @ 3.50GHz,384.24,6613,17.21,2151,5.6,77.0,85.89,4,2012,LGA1155,Server
Intel Xeon E5-2630L v2 @ 2.40GHz,88.65,6610,74.56,1388,15.66,60.0,110.17,6,2014,LGA 2011,Server
Intel Core i7-1180G7 @ 1.30GHz,426.0,6607,15.51,2323,5.45,15.0,440.45,4,2021,FCBGA1598,Laptop
Intel Core i5-7600 @ 3.50GHz,169.99,6598,38.81,2476,14.57,65.0,101.5,4,2017,FCLGA1151,Desktop
Intel Xeon E5-1428L v2 @ 2.20GHz,20.37,6566,322.34,1321,64.87,60.0,109.43,6,2019,FCLGA1356,Server
Intel Core i7-6700HQ @ 2.60GHz,378.0,6544,17.31,1919,5.08,45.0,145.41,4,2015,FCBGA1440,Laptop
Intel Xeon E5-1620 v2 @ 3.70GHz,309.19,6535,21.14,2015,6.52,130.0,50.27,4,2013,FCLGA2011,Server
Intel Xeon W3670 @ 3.20GHz,295.19,6534,22.13,1501,5.09,130.0,50.26,6,2011,LGA1366,Server
Intel Xeon E3-1280 V2 @ 3.60GHz,388.19,6511,16.77,2174,5.6,69.0,94.36,4,2012,LGA1155,Server
Intel Core i7-4820K @ 3.70GHz,149.73,6501,43.42,1945,12.99,130.0,50.01,4,2013,FCLGA2011,Desktop
Intel Core i7-970 @ 3.20GHz,520.0,6499,12.5,1455,2.8,130.0,49.99,6,2010,LGA1366,Desktop
Intel Core i7-3770K @ 3.50GHz,136.48,6462,47.35,2082,15.25,77.0,83.93,4,2012,LGA1155,Desktop
Intel Xeon E3-1290 V2 @ 3.70GHz,885.0,6461,7.3,2112,2.39,87.0,74.27,4,2012,LGA1155,Server
Intel Xeon E5-4610 @ 2.40GHz,215.19,6460,30.02,1401,6.51,95.0,68,6,2018,FCLGA2011,Server
Intel Xeon E3-1286L v3 @ 3.20GHz,774.0,6450,8.33,2207,2.85,65.0,99.23,4,2018,LGA1150,Server
Intel Xeon E3-1270 V2 @ 3.50GHz,84.99,6431,75.66,2064,24.29,69.0,93.2,4,2012,LGA1155,Server
Intel Xeon Silver 4112 @ 2.60GHz,550.0,6420,11.67,1690,3.07,85.0,75.53,4,2018,FCLGA3647,Server
Intel Xeon E5-2608L v3 @ 2.00GHz,441.0,6415,14.55,1210,2.74,52.0,123.37,6,2018,LGA2011-v3,Server
Intel Core i5-10210U @ 1.60GHz,702.62,6401,9.11,2233,3.18,15.0,426.76,4,2019,FCBGA1528,Laptop
Intel Core i7-3770 @ 3.40GHz,139.98,6397,45.7,2076,14.83,77.0,83.08,4,2012,LGA1155,Desktop
AMD Opteron 6282 SE,223.39,6385,28.58,953,4.27,140.0,45.61,16,2013,unknown,Server
Intel Core i7-8665U @ 1.90GHz,704.49,6383,9.06,2236,3.17,15.0,425.51,4,2019,FCBGA1528,Laptop
Intel Xeon X5675 @ 3.07GHz,30.98,6378,205.88,1473,47.55,95.0,67.14,6,2011,LGA1366,Server
Intel Xeon E5-2420 v2 @ 2.20GHz,85.19,6362,74.68,1382,16.22,80.0,79.52,6,2014,FCLGA1356,Server
Intel Core i7-8565U @ 1.80GHz,615.0,6358,10.34,2246,3.65,15.0,423.86,4,2018,FCBGA1356,Laptop
Intel Core i7-8650U @ 1.90GHz,1049.0,6358,6.06,2154,2.05,15.0,423.89,4,2017,FC-BGA1356,Laptop
Intel Xeon E5-2640 @ 2.50GHz,75.0,6321,84.28,1348,17.98,95.0,66.54,6,2012,LGA2011,Server
Intel Xeon E3-1245 V2 @ 3.40GHz,367.5,6316,17.19,2042,5.56,77.0,82.02,4,2012,LGA1155,Server
Intel Xeon E3-1225 v6 @ 3.30GHz,208.13,6312,30.33,2303,11.06,73.0,86.47,4,2017,FCLGA1151,Server
Intel Core i5-6600K @ 3.50GHz,135.0,6307,46.72,2332,17.27,91.0,69.31,4,2015,FCLGA1151,Desktop
AMD Ryzen 3 1200,103.55,6304,60.88,1927,18.61,65.0,96.98,4,2017,AM4,Desktop
Intel Xeon E3-1240 V2 @ 3.40GHz,99.99,6301,63.02,2044,20.44,69.0,91.32,4,2012,LGA1155,Server
Intel Core i7-4850HQ @ 2.30GHz,434.0,6299,14.51,1972,4.54,47.0,134.03,4,2013,FCBGA1364,Laptop
Intel Xeon E5-4617 @ 2.90GHz,35.88,6298,175.52,1552,43.25,130.0,48.44,6,2014,LGA 2011,Server
Intel Core i7-4790T @ 2.70GHz,893.0,6291,7.05,2100,2.35,45.0,139.81,4,2014,LGA1150,Desktop
Intel Core i5-8350U @ 1.70GHz,297.0,6284,21.16,2031,6.84,15.0,418.94,4,2017,FC-BGA1356,Laptop
Intel Core i7-4910MQ @ 2.90GHz,459.95,6265,13.62,2019,4.39,47.0,133.3,4,2014,FCPGA946,Laptop
Intel Xeon E5-2620 v2 @ 2.10GHz,49.0,6246,127.47,1303,26.59,80.0,78.08,6,2013,FCLGA2011,Server
AMD Opteron 6276,968.46,6245,6.45,1005,1.04,115.0,54.3,8,2013,Socket G34,Server
Intel Xeon E5-2637 v2 @ 3.50GHz,127.52,6244,48.96,1849,14.5,130.0,48.03,4,2014,LGA 2011,Server
Intel Core i5-8365U @ 1.60GHz,539.07,6239,11.57,2166,4.02,15.0,415.95,4,2019,FCBGA1528,Laptop
Intel Xeon D-1622 @ 2.60GHz,170.0,6205,36.5,1875,11.03,40.0,155.12,4,2021,FCBGA1667,Server
Intel Xeon W-2104 @ 3.20GHz,255.0,6202,24.32,1836,7.2,120.0,51.69,4,2018,FCLGA2066,Server
Intel Xeon E3-1230 V2 @ 3.30GHz,61.97,6192,99.93,1994,32.18,69.0,89.75,4,2012,LGA1155,Server
Intel Core i7-3770S @ 3.10GHz,114.0,6178,54.2,2034,17.84,65.0,95.05,4,2012,LGA1155,Desktop
Intel Xeon E3-1240L v5 @ 2.10GHz,278.0,6173,22.21,1906,6.86,25.0,246.93,4,2017,FCLGA1151,Server
Intel Core i3-8100 @ 3.60GHz,169.99,6163,36.26,2240,13.18,65.0,94.82,4,2017,FCLGA1151-2,Desktop
Intel Core i3-9300T @ 3.20GHz,143.0,6162,43.09,2318,16.21,35.0,176.07,4,2019,FCLGA1151-2,Desktop
Intel Core i3-8300 @ 3.70GHz,265.7,6136,23.1,2262,8.51,62.0,98.97,4,2018,FCLGA1151-2,Desktop
Intel Xeon E5-2630 @ 2.30GHz,49.0,6131,125.12,1270,25.92,95.0,64.54,6,2012,LGA2011,Server
AMD FX-8370 Eight-Core,218.99,6128,27.98,1626,7.43,125.0,49.02,4,2014,AM3+,Desktop
Intel Core i5-6600 @ 3.30GHz,119.0,6107,51.32,2284,19.2,65.0,93.96,4,2015,LGA 1151,Desktop
Intel Xeon X5660 @ 2.80GHz,72.33,6107,84.43,1387,19.17,95.0,64.28,6,2010,LGA1366,Server
Intel Core i5-8265U @ 1.60GHz,499.88,6103,12.21,2122,4.25,15.0,406.87,4,2018,FCBGA1528,Laptop
Intel Xeon X5670 @ 2.93GHz,63.94,6090,95.25,1392,21.77,95.0,64.11,6,2010,LGA1366,Server
Intel Core i3-8100B @ 3.60GHz,133.0,6081,45.72,2363,17.77,65.0,93.55,4,2019,FCBGA1440,Laptop
Intel Xeon E3-1268L v5 @ 2.40GHz,456.54,6079,13.32,1654,3.62,35.0,173.69,4,2018,FCLGA1151,"Laptop, Server"
Intel Core i5-7600T @ 2.80GHz,298.0,6073,20.38,2231,7.49,35.0,173.5,4,2017,FCLGA1151,Desktop
Intel Xeon E5-2658 @ 2.10GHz,1350.7,6073,4.5,1156,0.86,95.0,63.92,8,2012,LGA2011,Server
AMD Opteron 6344,379.0,6069,16.01,1231,3.25,115.0,52.77,6,2013,unknown,Server
Intel Core i5-7500 @ 3.40GHz,165.99,6064,36.53,2284,13.76,65.0,93.3,4,2016,LGA1151,Desktop
Intel Xeon E-2104G @ 3.20GHz,510.0,6057,11.88,1963,3.85,65.0,93.19,4,2018,FCLGA1151-2,Server
Intel Core i7-4900MQ @ 2.80GHz,556.0,6051,10.88,1951,3.51,47.0,128.75,4,2013,FCPGA946,Laptop
Intel Core i7-4810MQ @ 2.80GHz,179.95,6034,33.53,2004,11.14,47.0,128.37,4,2014,FCPGA946,Laptop
Intel Xeon E3-1265L v3 @ 2.50GHz,699.95,5987,8.55,2104,3.01,45.0,133.05,4,2012,FCLGA1150,Server
AMD FX-9370 Eight-Core,253.0,5985,23.66,1671,6.61,220.0,27.21,4,2013,AM3+,Desktop
AMD FX-8350 Eight-Core,122.99,5969,48.53,1576,12.81,125.0,47.75,4,2012,AM3+,Desktop
Intel Core i7-3840QM @ 2.80GHz,548.87,5966,10.87,1954,3.56,45.0,132.57,4,2012,rPGA988B,Laptop
Intel Xeon E3-1225 v5 @ 3.30GHz,399.0,5961,14.94,2064,5.17,80.0,74.51,4,2016,FCLGA1151,Server
Intel Xeon E5-2650L @ 1.80GHz,49.0,5929,120.99,1091,22.26,70.0,84.69,8,2012,LGA 2011,Server
Intel Xeon E5-2440 @ 2.40GHz,170.0,5900,34.71,1282,7.54,95.0,62.11,6,2014,LGA 1356,Server
AMD Opteron 6378,1709.92,5889,3.44,1127,0.66,115.0,51.21,8,2015,G34,Server
Intel Xeon E5-1620 @ 3.60GHz,179.91,5871,32.64,1774,9.86,130.0,45.16,4,2012,LGA2011,Server
Intel Xeon E5-2430 @ 2.20GHz,69.0,5863,84.97,1190,17.25,95.0,61.72,6,2012,LGA 1356,Server
Intel Xeon E5-1410 v2 @ 2.80GHz,19.2,5842,304.26,1689,87.97,80.0,73.02,4,2015,LGA 1356,Server
Intel Core i7-4800MQ @ 2.70GHz,239.99,5829,24.29,1944,8.1,47.0,124.02,4,2013,rPGA946B,Laptop
Intel Core i3-8300T @ 3.20GHz,158.95,5827,36.66,2005,12.62,25.0,233.07,4,2018,FCLGA1151-2,Desktop
Intel Core i7-4710MQ @ 2.50GHz,271.57,5800,21.36,1895,6.98,47.0,123.4,4,2014,FCPGA946,Laptop
Intel Core i3-1115G4E @ 3.00GHz,285.0,5776,20.27,2552,8.95,15.0,385.06,2,2022,BGA 1449,Mobile/Embedded
AMD Opteron 4274 HE,76.99,5776,75.02,1060,13.77,65.0,88.86,4,2012,C32,Server
Intel Xeon E5-2450L @ 1.80GHz,65.0,5769,88.76,1013,15.58,70.0,82.42,8,2015,LGA 1356,Server
Intel Xeon X5650 @ 2.67GHz,58.0,5761,99.32,1302,22.45,95.0,60.64,6,2010,LGA1366,Server
Intel Core i7-3820QM @ 2.70GHz,549.0,5755,10.48,1915,3.49,45.0,127.89,4,2012,BGA1224,Laptop
Intel Xeon Bronze 3106 @ 1.70GHz,334.31,5754,17.21,1013,3.03,85.0,67.7,8,2018,FCLGA3647,Server
Intel Core i7-3820 @ 3.60GHz,117.97,5754,48.77,1736,14.71,130.0,44.26,4,2012,LGA2011,Desktop
Intel Core i7-4770T @ 2.50GHz,770.0,5748,7.46,1930,2.51,45.0,127.73,4,2013,LGA1150,Desktop
Intel Xeon E3-1220 v6 @ 3.00GHz,416.68,5729,13.75,1938,4.65,72.0,79.57,4,2017,FCLGA1151,Server
Intel Core i5-7440EQ @ 2.90GHz,250.0,5711,22.84,2131,8.52,45.0,126.91,4,2021,FCBGA1440,Laptop
Intel Core i7-3740QM @ 2.70GHz,218.02,5708,26.18,1885,8.65,45.0,126.85,4,2012,rPGA988B,Laptop
Intel Xeon E3-1220 v5 @ 3.00GHz,194.82,5707,29.29,2019,10.36,80.0,71.34,4,2016,FCLGA1151,Server
Intel Core i7-3920XM @ 2.90GHz,1096.0,5700,5.2,1910,1.74,55.0,103.63,4,2012,FCPGA988,Laptop
Intel Xeon E3-1205 v6 @ 3.00GHz,193.0,5682,29.44,1875,9.72,65.0,87.41,4,2020,FCLGA1151,Server
Intel Core i7-3940XM @ 3.00GHz,164.99,5671,34.37,1930,11.7,55.0,103.1,4,2012,rPGA988B,Laptop
Intel Core i5-6600T @ 2.70GHz,121.98,5655,46.36,2096,17.19,35.0,161.56,4,2015,LGA 1151,Desktop
Intel Core i5-6500 @ 3.20GHz,129.0,5655,43.84,2123,16.46,65.0,87,4,2015,LGA 1151,Desktop
Intel Core i7-3720QM @ 2.60GHz,195.97,5651,28.83,1859,9.49,45.0,125.57,4,2012,BGA1224,Laptop
AMD Opteron 6238,103.71,5625,54.24,1157,11.16,115.0,48.91,6,2014,Socket G34,Server
Intel Core i5-4690K @ 3.50GHz,69.99,5623,80.34,2197,31.39,88.0,63.9,4,2014,LGA1150,Desktop
Intel Core i7-2700K @ 3.50GHz,180.0,5604,31.13,1786,9.92,95.0,58.99,4,2011,LGA1155,Desktop
Intel Core i7-3770T @ 2.50GHz,156.59,5573,35.59,1933,12.34,45.0,123.84,4,2012,LGA1155,Desktop
Intel Core i5-4690 @ 3.50GHz,118.88,5572,46.87,2205,18.54,84.0,66.33,4,2014,LGA1150,Desktop
AMD Opteron 6376,2055.0,5572,2.71,1165,0.57,115.0,48.45,8,2013,Socket G34,Server
Intel Core i7-4700HQ @ 2.40GHz,383.0,5560,14.52,1784,4.66,47.0,118.3,4,2013,FCBGA1364,Laptop
Intel Core i5-8365UE @ 1.60GHz,297.0,5555,18.71,2248,7.57,15.0,370.36,4,2019,FCBGA1528,Laptop
Intel Core i5-5675C @ 3.10GHz,258.34,5548,21.48,2251,8.71,65.0,85.36,4,2015,FCLGA1150,Desktop
Intel Core i5-4670K @ 3.40GHz,154.88,5547,35.82,2154,13.91,84.0,66.04,4,2013,LGA1150,Desktop
Intel Xeon E5-2643 @ 3.30GHz,162.5,5523,33.99,1646,10.13,130.0,42.48,4,2012,LGA2011,Server
Intel Xeon E3-1226 v3 @ 3.30GHz,279.7,5520,19.74,2115,7.56,84.0,65.71,4,2014,FCLGA1150,Server
Intel Core i7-4710HQ @ 2.50GHz,378.0,5518,14.6,1784,4.72,47.0,117.4,4,2014,FCBGA1364,Laptop
Intel Xeon E3-1280 @ 3.50GHz,358.0,5510,15.39,1780,4.97,95.0,58,4,2011,LGA1155,Server
Intel Core i7-2600K @ 3.40GHz,79.99,5500,68.76,1745,21.82,95.0,57.89,4,2010,LGA1155,Desktop
Intel Core i5-7400 @ 3.00GHz,175.0,5499,31.42,2103,12.01,65.0,84.6,4,2017,FCLGA1151,Desktop
Intel Core i5-4670 @ 3.40GHz,100.0,5440,54.4,2142,21.42,84.0,64.77,4,2013,LGA1150,Desktop
Intel Core i3-9100T @ 3.10GHz,122.0,5419,44.42,2106,17.26,35.0,154.82,4,2019,FCLGA1151-2,Desktop
Intel Core i5-6402P @ 2.80GHz,139.88,5414,38.7,2027,14.49,65.0,83.29,4,2016,LGA 1151,Desktop
AMD FX-8320 Eight-Core,82.38,5409,65.66,1472,17.87,125.0,43.27,4,2012,AM3+,Desktop
Intel Xeon E3-1240 @ 3.30GHz,141.0,5398,38.28,1744,12.37,80.0,67.47,4,2011,LGA1155,Server
Intel Xeon E3-1270 @ 3.40GHz,79.97,5386,67.35,1761,22.02,80.0,67.32,4,2011,LGA1155,Server
Intel Core i5-4690S @ 3.20GHz,138.47,5380,38.85,2186,15.79,65.0,82.77,4,2014,LGA1150,Desktop
Intel Xeon E3-1275 @ 3.40GHz,749.0,5372,7.17,1730,2.31,95.0,56.54,4,2011,LGA1155,Server
Intel Xeon E3-1245 @ 3.30GHz,245.0,5366,21.9,1741,7.11,95.0,56.49,4,2011,LGA1155,Server
Intel Xeon E5-2609 v4 @ 1.70GHz,314.95,5351,16.99,1043,3.31,85.0,62.96,8,2016,FCLGA2011-3,Server
Intel Core i5-4590 @ 3.30GHz,58.0,5344,92.14,2093,36.08,84.0,63.62,4,2014,LGA1150,Desktop
Intel Core i7-2600 @ 3.40GHz,89.0,5344,60.04,1741,19.56,95.0,56.25,4,2010,LGA1155,Desktop
Intel Core i5-7500T @ 2.70GHz,188.98,5319,28.15,1964,10.39,35.0,151.97,4,2017,FCLGA1151,Desktop
Intel Core i7-4700MQ @ 2.40GHz,188.02,5319,28.29,1765,9.39,47.0,113.17,4,2013,rPGA946B,Laptop
Intel Xeon E3-1240L v3 @ 2.00GHz,895.5,5304,5.92,1769,1.98,25.0,212.17,4,2015,FCLGA1150,Server
Intel Core i3-8100T @ 3.10GHz,262.83,5291,20.13,1922,7.31,35.0,151.18,4,2018,FCLGA1151-2,Desktop
AMD Opteron 6274,885.95,5286,5.97,849,0.96,115.0,45.97,8,2012,G34,Server
Intel Xeon X5687 @ 3.60GHz,189.95,5282,27.81,1619,8.52,130.0,40.63,4,2011,LGA1366,Server
Intel Xeon E5-2620 @ 2.00GHz,75.65,5280,69.79,1112,14.71,95.0,55.58,6,2012,LGA2011,Server
Intel Xeon E5-2430L @ 2.00GHz,32.28,5273,163.36,1005,31.13,60.0,87.89,6,2017,FCLGA1356,Server
Intel Xeon E3-1225 v3 @ 3.20GHz,89.95,5264,58.52,1992,22.15,84.0,62.67,4,2013,LGA1150,Server
AMD Opteron 6328,343.46,5246,15.27,1433,4.17,115.0,45.62,4,2013,G34,Server
Intel Xeon E5-1607 v4 @ 3.10GHz,178.02,5245,29.46,1905,10.7,140.0,37.46,4,2016,FCLGA2011-3,Server
AMD Opteron 6272,583.7,5240,8.98,753,1.29,115.0,45.56,8,2011,G34,Server
AMD FX-8370E Eight-Core,25.14,5235,208.22,1490,59.27,95.0,55.1,4,2014,AM3+,Desktop
Intel Core i5-4670R @ 3.00GHz,276.0,5233,18.96,2164,7.84,65.0,80.5,4,2018,FCBGA1364,Desktop
AMD FX-8300 Eight-Core,68.69,5223,76.03,1484,21.6,95.0,54.97,4,2013,AM3+,Desktop
Intel Core i5-4570 @ 3.20GHz,99.99,5199,52.0,2036,20.36,84.0,61.9,4,2013,LGA1150,Desktop
Intel Core i5-6400 @ 2.70GHz,129.99,5163,39.72,1964,15.11,65.0,79.43,4,2015,LGA 1151,Desktop
Intel Xeon E5649 @ 2.53GHz,72.65,5160,71.02,1211,16.67,80.0,64.5,6,2011,LGA1366,Server
AMD FX-8150 Eight-Core,62.73,5158,82.22,1424,22.7,125.0,41.26,4,2011,AM3+,Desktop
Intel Xeon E3-1220 v3 @ 3.10GHz,325.0,5154,15.86,1984,6.11,80.0,64.42,4,2011,LGA1150,Server
Intel Xeon E5-2420 @ 1.90GHz,170.0,5149,30.29,1108,6.52,95.0,54.2,6,2012,LGA1356,Server
AMD FX-8310 Eight-Core,831.15,5145,6.19,1413,1.7,95.0,54.15,4,2014,AM3+,Desktop
Intel Core i7-3630QM @ 2.40GHz,429.95,5131,11.93,1695,3.94,45.0,114.03,4,2012,rPGA988B,Laptop
Intel Core i3-1005G1 @ 1.20GHz,281.0,5128,18.25,2250,8.01,15.0,341.84,2,2019,FCBGA1526,Laptop
Intel Xeon X5672 @ 3.20GHz,44.99,5117,113.73,1570,34.9,95.0,53.86,4,2011,LGA1366,Server
Intel Xeon X5677 @ 3.47GHz,110.0,5112,46.47,1614,14.67,130.0,39.32,4,2010,LGA1366,Server
Intel Core i7-3610QM @ 2.30GHz,399.99,5100,12.75,1665,4.16,45.0,113.32,4,2012,PGA988B,Laptop
Intel Core i7-4702MQ @ 2.20GHz,352.05,5095,14.47,1682,4.78,37.0,137.71,4,2013,FCPGA946,Laptop
Intel Core i5-4590S @ 3.00GHz,260.0,5095,19.6,2052,7.89,65.0,78.39,4,2014,LGA1150,Desktop
Intel Xeon W-2102 @ 2.90GHz,286.99,5077,17.69,1753,6.11,120.0,42.31,4,2018,FCLGA2066,Server
Intel Core i7-4765T @ 2.00GHz,498.95,5036,10.09,1619,3.25,35.0,143.88,4,2013,FCLGA1150,Desktop
Intel Core i7-8665UE @ 1.70GHz,409.0,5017,12.27,1538,3.76,15.0,334.48,4,2019,FCBGA1528,Laptop
Intel Core i7-10510Y @ 1.20GHz,403.0,5016,12.45,1957,4.86,7.0,716.63,4,2020,UTFCBGA1377,Laptop
Intel Xeon E3-1230 @ 3.20GHz,270.19,5006,18.53,1650,6.11,80.0,62.58,4,2011,LGA1155,Server
Intel Xeon E3-1290 @ 3.60GHz,885.0,4988,5.64,1833,2.07,95.0,52.5,4,2011,LGA1155,Server
AMD FX-8320E Eight-Core,132.0,4972,37.67,1410,10.68,95.0,52.34,4,2014,AM3+,Desktop
Intel Xeon E5645 @ 2.40GHz,52.0,4955,95.29,1147,22.06,80.0,61.94,6,2011,LGA1366,Server
Intel Core i5-3570K @ 3.40GHz,65.64,4936,75.21,2049,31.22,77.0,64.11,4,2012,LGA1155,Desktop
Intel Core i5-4670S @ 3.10GHz,213.0,4919,23.09,2063,9.69,65.0,75.67,4,2013,FCLGA1150,Desktop
Intel Core i5-4570S @ 2.90GHz,169.59,4914,28.97,1981,11.68,65.0,75.59,4,2013,LGA1150,Desktop
Intel Core i5-3570 @ 3.40GHz,166.0,4910,29.58,2049,12.34,77.0,63.77,4,2012,LGA1155,Desktop
AMD FX-8140 Eight-Core,148.86,4860,32.65,1273,8.55,95.0,51.15,4,2012,AM3+,Desktop
AMD Opteron 6366 HE,343.99,4858,14.12,793,2.3,85.0,57.16,8,2014,unknown,Server
Intel Core i3-7320 @ 4.10GHz,177.19,4856,27.4,2499,14.1,51.0,95.21,2,2017,FCLGA1151,Desktop
Intel Core i5-6500T @ 2.50GHz,221.52,4845,21.87,1831,8.27,35.0,138.42,4,2015,LGA 1151,Desktop
Intel Core i5-7442EQ @ 2.10GHz,250.0,4834,19.34,1819,7.28,25.0,193.35,4,2019,FCBGA1440,Laptop
Intel Core i5-4460 @ 3.20GHz,79.46,4834,60.84,1902,23.94,84.0,57.55,4,2014,LGA1150,Desktop
Intel Core i3-7350K @ 4.20GHz,250.8,4819,19.22,2493,9.94,60.0,80.32,2,2017,FCLGA1151,Desktop
Intel Xeon Bronze 3204 @ 1.90GHz,250.99,4796,19.11,1103,4.39,85.0,56.43,6,2020,FCLGA3647,Server
Intel Core i5-3550 @ 3.30GHz,335.31,4783,14.26,1997,5.96,77.0,62.11,4,2012,LGA1155,Desktop
Intel Core i5-6500TE @ 2.30GHz,230.61,4776,20.71,1828,7.93,35.0,136.47,4,2015,LGA 1151,Desktop
Intel Xeon E3-1225 V2 @ 3.20GHz,225.19,4766,21.16,1929,8.57,77.0,61.89,4,2012,LGA1155,Server
Intel Xeon E3-1230L v3 @ 1.80GHz,448.5,4764,10.62,1502,3.35,25.0,190.58,4,2013,LGA1150,Server
AMD Opteron 6220,14.82,4753,320.68,1203,81.17,115.0,41.33,4,2013,Socket G34,Server
Intel Pentium 6805 @ 1.10GHz,161.0,4745,29.47,1964,12.2,15.0,316.33,2,2021,FCBGA1526,Laptop
Intel Xeon E3-1235 @ 3.20GHz,234.0,4725,20.19,1562,6.68,95.0,49.73,4,2011,LGA1155,Server
Intel Core i5-4440 @ 3.10GHz,79.0,4718,59.72,1860,23.54,84.0,56.16,4,2013,FCLGA1150,Desktop
Intel Xeon E3-1265L V2 @ 2.50GHz,149.99,4711,31.41,1552,10.35,45.0,104.68,4,2012,LGA1155,Server
Intel Core i5-7400T @ 2.40GHz,174.85,4710,26.94,1763,10.08,35.0,134.57,4,2016,LGA1151,Desktop
Intel Core i3-7300 @ 4.00GHz,299.99,4703,15.68,2423,8.08,51.0,92.23,2,2017,FCLGA1151,Desktop
Intel Xeon E5-2603 v4 @ 1.70GHz,258.19,4695,18.19,1046,4.05,85.0,55.24,6,2016,FCLGA2011-3,Server
Intel Xeon E3-1220 V2 @ 3.10GHz,93.0,4691,50.44,1898,20.41,69.0,67.98,4,2012,LGA1155,Server
Intel Atom C3758 @ 2.20GHz,193.0,4683,24.27,859,4.45,25.0,187.33,8,2020,FCBGA1310,Server
Intel Xeon E5-1410 @ 2.80GHz,44.99,4677,103.95,1491,33.14,80.0,58.46,4,2012,LGA1356,Server
AMD Opteron 4284,14.82,4665,314.79,1181,79.71,95.0,49.11,4,2013,Socket C32,Server
Intel Core i5-3470 @ 3.20GHz,105.57,4657,44.11,1943,18.4,77.0,60.48,4,2012,LGA1155,Desktop
Intel Core i5-4430 @ 3.00GHz,148.77,4646,31.23,1806,12.14,84.0,55.31,4,2013,LGA1150,Desktop
Intel Core i7-3632QM @ 2.20GHz,89.9,4628,51.48,1581,17.59,35.0,132.22,4,2012,rPGA988B,Laptop
Intel Core i5-3570S @ 3.10GHz,66.9,4620,69.07,1996,29.83,65.0,71.08,4,2012,LGA1155,Desktop
Intel Core i7-2860QM @ 2.50GHz,182.01,4607,25.31,1597,8.77,45.0,102.37,4,2011,BGA1224,Laptop
Intel Core i5-6442EQ @ 1.90GHz,250.0,4598,18.39,1716,6.87,25.0,183.92,4,2019,FCBGA1440,Laptop
Intel Xeon L5640 @ 2.27GHz,72.65,4591,63.2,1139,15.68,60.0,76.52,6,2010,LGA1366,Server
Intel Xeon Bronze 3104 @ 1.70GHz,320.24,4585,14.32,1001,3.13,85.0,53.94,6,2018,FCLGA3647,Server
AMD FX-8120 Eight-Core,49.99,4578,91.57,1327,26.54,125.0,36.62,4,2011,AM3+,Desktop
AMD Athlon 240GE,138.0,4551,32.98,1986,14.39,35.0,130.03,2,2019,AM4,Desktop
Intel Xeon X5667 @ 3.07GHz,18.04,4551,252.25,1453,80.55,95.0,47.9,4,2010,LGA1366,Server
Intel Core i5-3550S @ 3.00GHz,319.95,4537,14.18,1982,6.2,65.0,69.79,4,2012,LGA1155,Desktop
Intel Core i7-2600S @ 2.80GHz,284.0,4524,15.93,1712,6.03,65.0,69.61,4,2011,LGA1155,Desktop
AMD Opteron 4280,94.99,4504,47.41,1141,12.02,95.0,47.41,4,2014,Socket C32,Server
Intel Core i5-4460S @ 2.90GHz,659.99,4503,6.82,1847,2.8,65.0,69.28,4,2014,LGA1150,Desktop
Intel Core i3-9100TE @ 2.20GHz,122.0,4501,36.89,1585,12.99,35.0,128.59,4,2020,FCLGA1151-2,Laptop
Intel Core i5-3450 @ 3.10GHz,239.95,4497,18.74,1887,7.86,77.0,58.41,4,2012,LGA1155,Desktop
Intel Pentium Gold G6605 @ 4.30GHz,124.25,4493,36.16,2658,21.39,58.0,77.47,2,2021,FCLGA1200,Desktop
AMD Athlon 3000G,54.99,4480,81.47,1999,36.36,35.0,128.01,2,2019,AM4,Desktop
AMD FX-6350 Six-Core,61.63,4463,72.42,1542,25.02,125.0,35.71,3,2013,AM3+,Desktop
Intel Xeon X5647 @ 2.93GHz,19.93,4455,223.53,1385,69.5,130.0,34.27,4,2011,LGA1366,Server
AMD Athlon 220GE,129.0,4450,34.5,1984,15.38,35.0,127.15,2,2019,AM4,Laptop
Intel Xeon E5-1603 v3 @ 2.80GHz,12.88,4448,345.33,1631,126.61,140.0,31.77,4,2015,LGA2011-v3,Server
Intel Xeon E5-2609 v3 @ 1.90GHz,79.88,4423,55.37,1097,13.73,80.0,55.28,6,2014,LGA2011-v3,Server
Intel Core i7-2960XM @ 2.70GHz,399.95,4423,11.06,1491,3.73,55.0,80.41,4,2011,PGA988B,Laptop
Intel Pentium Gold G6600 @ 4.20GHz,107.35,4396,40.95,2577,24.0,58.0,75.8,2,2021,FCLGA1200,Desktop
Intel Core i3-6300 @ 3.80GHz,163.49,4386,26.83,2295,14.04,51.0,86,2,2015,LGA 1151,Desktop
AMD Opteron 4386,239.7,4378,18.26,1012,4.22,95.0,46.08,4,2014,C32,Server
Intel Pentium Gold G6505 @ 4.20GHz,75.0,4378,58.37,2652,35.35,58.0,75.48,2,2021,FCLGA1200,Desktop
Intel Core i3-8121U @ 2.20GHz,290.0,4376,15.09,1927,6.65,15.0,291.73,2,2018,unknown,Laptop
Intel Core i3-6320 @ 3.90GHz,145.0,4372,30.15,2343,16.16,51.0,85.73,2,2015,LGA 1151,Desktop
Intel Core i5-4670T @ 2.30GHz,259.02,4361,16.84,1735,6.7,45.0,96.91,4,2013,FCLGA1150,Desktop
Intel Core i7-2760QM @ 2.40GHz,138.02,4353,31.54,1534,11.12,45.0,96.72,4,2011,BGA1224,Laptop
Intel Core i5-3470S @ 2.90GHz,69.0,4353,63.09,1900,27.53,65.0,66.97,4,2012,LGA1155,Desktop
Intel Core i7-2820QM @ 2.30GHz,249.99,4347,17.39,1515,6.06,45.0,96.61,4,2011,BGA1224,Laptop
Intel Core i7-2920XM @ 2.50GHz,120.0,4344,36.2,1499,12.49,55.0,78.97,4,2011,FCPGA988,Laptop
Intel Core i3-7100 @ 3.90GHz,127.99,4342,33.92,2338,18.27,51.0,85.13,2,2017,FCLGA1151,Desktop
Intel Core i5-6400T @ 2.20GHz,159.99,4302,26.89,1652,10.32,35.0,122.91,4,2015,LGA 1151,Desktop
Intel Core i3-8109U @ 3.00GHz,499.99,4301,8.6,2133,4.27,28.0,153.6,2,2018,FCBGA1528,Laptop
Intel Pentium Gold G6405 @ 4.10GHz,60.1,4285,71.29,2534,42.16,58.0,73.87,2,2021,FCLGA1200,Desktop
Intel Atom C3958 @ 2.00GHz,449.0,4281,9.53,514,1.15,31.0,138.1,16,2019,FCBGA1310,Server
Intel Core i5-4440S @ 2.80GHz,188.0,4277,22.75,1790,9.52,65.0,65.79,4,2013,LGA1150,Desktop
Intel Core i5-3450S @ 2.80GHz,95.0,4264,44.88,1851,19.48,65.0,65.59,4,2012,LGA1155,Desktop
Intel Xeon E5-1607 v2 @ 3.00GHz,229.95,4259,18.52,1642,7.14,130.0,32.76,4,2014,LGA 2011,Server
Intel Core i7-7567U @ 3.50GHz,733.99,4256,5.8,2261,3.08,28.0,152.01,2,2017,BGA1356,Laptop
Intel Core i5-6350HQ @ 2.30GHz,306.0,4255,13.9,1420,4.64,45.0,94.55,4,2021,LGA 1151,Laptop
Intel Core i5-3350P @ 3.10GHz,165.0,4237,25.68,1783,10.8,69.0,61.4,4,2012,LGA1155,Desktop
Intel Core i3-6100 @ 3.70GHz,131.51,4177,31.76,2220,16.88,51.0,81.9,2,2015,LGA 1151,Desktop
Intel Core i5-3475S @ 2.90GHz,143.5,4177,29.11,1815,12.65,65.0,64.26,4,2012,LGA1155,Desktop
Intel Pentium J6426 @ 2.00GHz,80.0,4173,52.17,1596,19.95,10.0,417.34,4,2022,FCBGA1493,Mobile/Embedded
Intel Core i3-6098P @ 3.60GHz,325.0,4170,12.83,2160,6.65,54.0,77.23,2,2016,LGA 1151,Desktop
Intel Core i5-4430S @ 2.70GHz,91.99,4168,45.31,1719,18.69,65.0,64.13,4,2013,LGA1150,Desktop
Intel Core i5-3340 @ 3.10GHz,195.0,4165,21.36,1771,9.08,77.0,54.09,4,2013,LGA1155,Desktop
Intel Pentium Gold G5600F @ 3.90GHz,92.99,4160,44.74,2442,26.26,54.0,77.04,2,2019,FCLGA1151-2,Desktop
Intel Core i3-7300T @ 3.50GHz,181.59,4159,22.9,2128,11.72,35.0,118.82,2,2017,FCLGA1151,Desktop
AMD FX-6300 Six-Core,47.38,4155,87.7,1486,31.36,95.0,43.74,3,2012,AM3+,Desktop
Intel Atom x6425E @ 2.00GHz,56.0,4153,74.15,1602,28.61,12.0,346.04,4,2022,FCBGA1493,Mobile/Embedded
Intel Pentium Gold G6500 @ 4.10GHz,96.99,4147,42.76,2491,25.69,58.0,71.5,2,2020,FCLGA1200,Desktop
AMD Athlon 200GE,123.89,4135,33.38,1817,14.67,35.0,118.15,2,2018,AM4,Desktop
AMD Opteron 3380,809.0,4134,5.11,1107,1.37,65.0,63.6,8,2013,unknown,Server
Intel Core i3-8145UE @ 2.20GHz,281.0,4133,14.71,2324,8.27,15.0,275.56,2,2020,FCBGA1528,Laptop
Intel Pentium Gold G6400 @ 4.00GHz,74.63,4130,55.34,2484,33.29,58.0,71.21,2,2020,FCLGA1200,Desktop
Intel Core i5-2550K @ 3.40GHz,148.56,4123,27.75,1754,11.81,95.0,43.4,4,2012,LGA1155,Desktop
Intel Core i7-2720QM @ 2.20GHz,179.95,4114,22.86,1396,7.76,45.0,91.43,4,2011,BGA1224,Laptop
Intel Pentium Gold G5620 @ 4.00GHz,159.99,4102,25.64,2424,15.15,54.0,75.97,2,2019,FCLGA1151-2,Desktop
Intel Core i5-3340S @ 2.80GHz,100.0,4102,41.02,1792,17.92,65.0,63.11,4,2013,LGA1155,Desktop
Intel Core i5-2500 @ 3.30GHz,58.87,4101,69.66,1708,29.01,95.0,43.17,4,2010,LGA1155,Desktop
Intel Core i5-2500K @ 3.30GHz,59.0,4097,69.44,1699,28.8,95.0,43.13,4,2010,LGA1155,Desktop
Intel Core i5-3330 @ 3.00GHz,74.35,4090,55.01,1726,23.21,77.0,53.11,4,2012,LGA1155,Desktop
AMD Opteron 6234,450.99,4072,9.03,547,1.21,115.0,35.41,6,2012,G34,Server
Intel Atom x6413E @ 1.50GHz,43.0,4070,94.64,1608,37.38,9.0,452.18,4,2021,FCBGA1493,Mobile/Embedded
Intel Xeon E3-1260L @ 2.40GHz,125.0,4041,32.33,1481,11.85,45.0,89.81,4,2011,LGA1155,Server
Intel Core i3-6300T @ 3.30GHz,140.59,4040,28.74,2055,14.62,35.0,115.43,2,2015,LGA 1151,Desktop
Intel Xeon E5640 @ 2.67GHz,68.0,4018,59.08,1204,17.71,80.0,50.22,4,2010,LGA1366,Server
AMD Opteron 6212,63.79,4007,62.81,1085,17.02,115.0,34.84,4,2013,Socket G34,Server
Intel Core i3-10110U @ 2.10GHz,434.17,4005,9.22,2266,5.22,15.0,267.01,2,2019,FCBGA1528,Laptop
Intel Pentium Gold G6500T @ 3.50GHz,75.0,4005,53.4,2277,30.36,35.0,114.42,2,2021,FCLGA1200,Desktop
AMD FX-6200 Six-Core,299.95,4001,13.34,1382,4.61,125.0,32.01,3,2012,AM3+,Desktop
Intel Core i5-4590T @ 2.00GHz,209.95,3982,18.97,1648,7.85,35.0,113.78,4,2014,LGA1150,Desktop
Intel Core i5-2450P @ 3.20GHz,178.97,3974,22.21,1654,9.24,95.0,41.83,4,2012,LGA1155,Desktop
AMD Opteron 4334,129.95,3949,30.39,1269,9.76,95.0,41.57,3,2016,Socket C32,Server
Intel Core i5-6287U @ 3.10GHz,304.0,3925,12.91,2080,6.84,28.0,140.19,2,2017,FCBGA1356,Laptop
Intel Core i3-7101TE @ 3.40GHz,117.0,3911,33.43,1997,17.07,35.0,111.75,2,2017,FCLGA1151,Desktop
AMD Opteron 4332 HE,36.99,3906,105.59,1413,38.19,65.0,60.09,6,2015,Socket C32,Server
Intel Celeron J6412 @ 2.00GHz,54.0,3904,72.29,1364,25.25,10.0,390.38,4,2021,FCBGA1493,Mobile/Embedded
Intel Core i5-7260U @ 2.20GHz,469.99,3895,8.29,1989,4.23,15.0,259.67,2,2017,BGA1356,Laptop
AMD PRO A12-9800,169.0,3878,22.95,1775,10.5,65.0,59.66,4,2017,AM4,Desktop
AMD FX-6120 Six-Core,108.02,3863,35.76,1415,13.1,95.0,40.66,3,2012,AM3+,Desktop
Intel Xeon E3-1220 @ 3.10GHz,40.26,3855,95.75,1582,39.29,80.0,48.18,4,2011,LGA1155,Server
Intel Core i7-6660U @ 2.40GHz,415.0,3851,9.28,1983,4.78,15.0,256.72,2,2018,FCBGA1356,Laptop
AMD FX-8100 Eight-Core,138.02,3847,27.87,1094,7.92,95.0,40.5,4,2012,AM3+,Desktop
Intel Core i5-2400 @ 3.10GHz,88.57,3840,43.35,1580,17.84,95.0,40.42,4,2010,LGA1155,Desktop
Intel Core i3-8145U @ 2.10GHz,281.0,3837,13.65,2142,7.62,15.0,255.79,2,2018,FCBGA1528,Laptop
Intel Xeon E3-1225 @ 3.10GHz,69.0,3817,55.32,1572,22.78,95.0,40.18,4,2011,LGA1155,Server
Intel Core i3-1115GRE @ 3.00GHz,338.0,3816,11.29,1880,5.56,15.0,254.38,2,2022,FCBGA1449,Mobile/Embedded
Intel Core i5-3330S @ 2.70GHz,199.95,3810,19.05,1691,8.46,65.0,58.61,4,2012,LGA1155,Desktop
Intel Core i3-4370 @ 3.80GHz,299.0,3807,12.73,2126,7.11,54.0,70.49,2,2014,LGA1150,Desktop
Intel Core i5-2380P @ 3.10GHz,77.74,3797,48.84,1607,20.67,95.0,39.97,4,2012,LGA1155,Desktop
Intel Core i3-7100T @ 3.40GHz,149.88,3787,25.27,2007,13.39,35.0,108.2,2,2017,FCLGA1151,Desktop
AMD Athlon X4 845,73.58,3784,51.43,1680,22.84,65.0,58.22,2,2016,FM2+,Desktop
Intel Pentium G4620 @ 3.70GHz,146.0,3777,25.87,2268,15.53,51.0,74.06,2,2017,FCLGA1151,Desktop
Intel Pentium Gold G5500 @ 3.80GHz,169.87,3770,22.2,2258,13.29,54.0,69.82,2,2018,FCLGA1151-2,Desktop
Intel Pentium Gold G5600 @ 3.90GHz,158.0,3769,23.85,2291,14.5,54.0,69.79,2,2018,FCLGA1151-2,Desktop
Intel Pentium N6415 @ 1.20GHz,80.0,3760,47.0,1616,20.2,6.5,578.47,4,2021,FCBGA1493,Mobile/Embedded
Intel Xeon E5-2603 v3 @ 1.60GHz,50.89,3752,73.72,931,18.3,85.0,44.14,6,2015,LGA2011-v3,Server
Intel Core i5-7300U @ 2.60GHz,627.0,3750,5.98,1968,3.14,15.0,249.99,2,2017,FCBGA1356,Laptop
Intel Pentium Gold G6405T @ 3.50GHz,64.0,3746,58.54,2206,34.47,35.0,107.04,2,2021,FCLGA1200,Desktop
Intel Xeon E5-1607 @ 3.00GHz,11.53,3730,323.51,1439,124.83,130.0,28.69,4,2012,LGA2011,Server
AMD Phenom II X6 1100T,130.0,3729,28.69,1502,11.55,125.0,29.83,6,2010,AM3,Desktop
Intel Xeon E5630 @ 2.53GHz,166.0,3726,22.45,1176,7.09,80.0,46.58,4,2010,LGA1366,Server
Intel Core i7-2670QM @ 2.20GHz,129.0,3726,28.89,1324,10.26,45.0,82.8,4,2011,PGA988B,Laptop
Intel Pentium Gold G5400 @ 3.70GHz,112.88,3723,32.98,2224,19.71,54.0,68.94,2,2018,FCLGA1151-2,Desktop
AMD Opteron 3280,72.02,3720,51.65,1043,14.49,65.0,57.22,8,2012,AM3+,Server
AMD Opteron 6174,3780.0,3697,0.98,488,0.13,115.0,32.15,12,2013,Socket G34,Server
Intel Core i3-4360 @ 3.70GHz,199.88,3688,18.45,2067,10.34,54.0,68.29,2,2014,FCLGA1150,Desktop
AMD FX-6100 Six-Core,84.04,3679,43.78,1320,15.7,95.0,38.73,3,2011,AM3+,Desktop
AMD Athlon X4 880K,94.65,3676,38.84,1628,17.2,95.0,38.69,2,2016,FM2+,Desktop
Intel Core i7-7500U @ 2.70GHz,539.0,3658,6.79,1948,3.61,15.0,243.85,2,2016,FCBGA1356,Laptop
AMD Phenom II X6 1090T,87.57,3655,41.74,1456,16.63,125.0,29.24,6,2010,AM3,Desktop
Intel Core i3-8130U @ 2.20GHz,281.0,3648,12.98,1942,6.91,15.0,243.19,2,2018,FCBGA1356,Laptop
AMD PRO A10-9700,169.0,3644,21.56,1655,9.8,65.0,56.06,2,2016,AM4,Desktop
Intel Pentium Gold G5420 @ 3.80GHz,129.55,3641,28.11,2286,17.65,54.0,67.43,2,2019,FCLGA1151-2,Desktop
Intel Core i5-2320 @ 3.00GHz,303.5,3632,11.97,1512,4.98,95.0,38.23,4,2011,LGA1155,Desktop
Intel Xeon E5620 @ 2.40GHz,44.16,3630,82.2,1127,25.53,80.0,45.37,4,2010,LGA1366,Server
Intel Core i3-6100T @ 3.20GHz,999.0,3617,3.62,1891,1.89,35.0,103.35,2,2015,LGA 1151,Desktop
AMD Athlon X4 950,35.99,3611,100.32,1663,46.2,65.0,55.55,4,2017,AM4,Desktop
Intel Pentium Gold G6400T @ 3.40GHz,64.0,3610,56.4,2140,33.44,35.0,103.14,2,2021,FCLGA1200,Desktop
Intel Pentium G4600 @ 3.60GHz,104.94,3605,34.36,2186,20.83,51.0,70.69,2,2017,FCLGA1151,Desktop
Intel Core i5-2310 @ 2.90GHz,77.74,3603,46.35,1495,19.23,95.0,37.93,4,2011,LGA1155,Desktop
Intel Xeon E3-1265L @ 2.40GHz,918.35,3589,3.91,1451,1.58,45.0,79.75,4,2015,LGA1155,Server
AMD A8-7680,69.5,3571,51.38,1638,23.57,45.0,79.36,4,2019,FM2+,Laptop
Intel Core i3-4170 @ 3.70GHz,95.8,3569,37.26,2069,21.6,54.0,66.1,2,2015,LGA1150,Desktop
AMD Opteron 6176 SE,249.89,3564,14.26,507,2.03,140.0,25.46,12,2010,G34,Server
Intel Core i7-2630QM @ 2.00GHz,93.24,3555,38.13,1221,13.1,45.0,79.01,4,2011,PGA988B,Laptop
AMD A10-9700,91.75,3546,38.64,1616,17.61,65.0,54.55,4,2016,AM4,Desktop
Intel Core i3-4330 @ 3.50GHz,123.37,3539,28.69,1982,16.07,54.0,65.55,2,2013,LGA1150,Desktop
Intel Xeon E5-2609 v2 @ 2.50GHz,24.72,3516,142.24,1371,55.45,80.0,43.95,4,2014,LGA 2011,Server
Intel Pentium G4560 @ 3.50GHz,168.0,3513,20.91,2103,12.52,54.0,65.06,2,2017,FCLGA1151,Desktop
Intel Pentium Gold G5420T @ 3.20GHz,64.0,3508,54.82,1978,30.9,35.0,100.24,2,2019,FCLGA1151-2,Desktop
Intel Core i3-4340 @ 3.60GHz,149.99,3506,23.38,2027,13.51,54.0,64.93,2,2013,LGA1150,Desktop
Intel Xeon E5-2407 v2 @ 2.40GHz,120.19,3504,29.15,1068,8.88,80.0,43.8,4,2014,FCLGA1356,Server
Intel Core i3-4160 @ 3.60GHz,59.99,3495,58.25,2014,33.57,54.0,64.72,2,2014,FCLGA1150,Desktop
Intel Xeon W3580 @ 3.33GHz,214.5,3495,16.29,1553,7.24,130.0,26.88,4,2009,LGA1366,Server
AMD A10-7870K,382.46,3485,9.11,1510,3.95,95.0,36.69,2,2015,FM2+,Desktop
AMD A10-7890K,161.99,3477,21.46,1566,9.67,95.0,36.6,2,2016,FM2+,Desktop
Intel Core i3-4350 @ 3.60GHz,99.99,3459,34.59,1902,19.02,54.0,64.06,2,2014,LGA1150,Desktop
Intel Core i5-2500S @ 2.70GHz,55.34,3459,62.5,1677,30.3,65.0,53.21,4,2011,LGA1155,Desktop
AMD A10 PRO-7850B APU,148.02,3458,23.36,1587,10.72,95.0,36.4,2,2014,FM2+,Desktop
Intel Xeon E5-1603 @ 2.80GHz,34.0,3448,101.41,1337,39.31,130.0,26.52,4,2012,LGA2011,Server
AMD A12-9800E,371.05,3447,9.29,1604,4.32,35.0,98.49,4,2017,AM4,Desktop
AMD A12-9800,124.85,3447,27.61,1607,12.87,65.0,53.03,2,2016,AM4,Desktop
Intel Celeron G6900,49.99,3446,68.93,2587,51.76,46.0,74.91,2,2022,"LGA1700,BGA1700",Desktop
AMD Athlon X4 860K,29.97,3436,114.64,1531,51.08,95.0,36.16,2,2014,FM2+,Desktop
Intel Core i3-7100H @ 3.00GHz,225.0,3430,15.25,1668,7.41,35.0,98.01,2,2017,FCBGA1440,Laptop
Intel Core i5-L16G7 @ 1.40GHz,281.0,3421,12.17,1606,5.72,7.0,488.74,5,2020,FC-CSP1016,Laptop
Intel Core i5-7200U @ 2.50GHz,499.0,3409,6.83,1778,3.56,15.0,227.29,2,2016,FCBGA1356,Laptop
AMD Opteron 4226,94.99,3400,35.8,1157,12.18,95.0,35.79,3,2013,Socket C32,Server
Intel Xeon E5-4603 @ 2.00GHz,132.19,3391,25.65,953,7.21,95.0,35.69,4,2014,LGA 2011,Server
Intel Xeon W5580 @ 3.20GHz,864.0,3386,3.92,1503,1.74,130.0,26.04,4,2009,LGA1366,Server
AMD Athlon X4 870K,40.28,3383,83.98,1543,38.3,95.0,35.61,2,2016,FM2+,Desktop
AMD Opteron 6136,349.0,3381,9.69,549,1.57,115.0,29.4,8,2013,Socket G34,Server
Intel Core i5-2300 @ 2.80GHz,40.26,3380,83.95,1429,35.51,95.0,35.58,4,2011,LGA1155,Desktop
Intel Core i7-975 @ 3.33GHz,770.0,3370,4.38,1508,1.96,130.0,25.92,4,2009,LGA1366,Desktop
AMD FX-B4150 Quad-Core,89.68,3369,37.57,1425,15.89,95.0,35.46,2,2013,AM3+,Desktop
Intel Core i3-4370T @ 3.30GHz,138.0,3368,24.41,1914,13.87,35.0,96.23,2,2017,FCLGA1150,Desktop
AMD A10-7850K APU,70.69,3363,47.58,1512,21.39,95.0,35.4,2,2014,FM2+,Desktop
Intel Core i3-4150 @ 3.50GHz,999.0,3360,3.36,1933,1.93,54.0,62.22,2,2014,FCLGA1150,Desktop
Intel Xeon W3570 @ 3.20GHz,469.95,3354,7.14,1520,3.24,130.0,25.8,4,2009,LGA1366,Server
AMD PRO A8-9600,119.0,3347,28.13,1468,12.34,65.0,51.5,2,2016,AM4,Desktop
AMD A10-7860K,66.0,3333,50.5,1538,23.3,65.0,51.27,2,2016,FM2+,Desktop
Intel Xeon W3565 @ 3.20GHz,59.95,3331,55.56,1496,24.95,130.0,25.62,4,2009,LGA1366,Server
AMD Phenom II X6 1065T,99.98,3320,33.2,1359,13.59,95.0,34.94,6,2011,AM3,Desktop
AMD A8-9600,98.99,3291,33.24,1486,15.02,65.0,50.62,4,2017,AM4,Desktop
Intel Core i3-4130 @ 3.40GHz,72.29,3291,45.52,1890,26.15,54.0,60.94,2,2013,LGA1150,Desktop
Intel Core i7-965 @ 3.20GHz,90.97,3288,36.15,1452,15.97,130.0,25.29,4,2008,LGA1366,Desktop
AMD Athlon X4 840,124.95,3287,26.3,1482,11.86,65.0,50.56,2,2015,FM2+,Desktop
AMD Phenom II X6 1075T,79.99,3284,41.06,1411,17.64,125.0,26.27,6,2010,AM3,Desktop
Intel Core i7-6500U @ 2.50GHz,393.0,3278,8.34,1708,4.35,15.0,218.55,2,2015,FCBGA1356,Laptop
Intel Core i3-10110Y @ 1.00GHz,287.0,3278,11.42,2093,7.29,7.0,468.22,2,2020,UTFCBGA1377,Laptop
Intel Xeon X5570 @ 2.93GHz,100.0,3270,32.7,1410,14.1,95.0,34.42,4,2009,LGA1366,Server
AMD FX-4350 Quad-Core,99.99,3262,32.63,1603,16.03,125.0,26.1,2,2013,AM3+,Desktop
Intel Core i5-4400E @ 2.70GHz,266.0,3251,12.22,1804,6.78,37.0,87.85,2,2014,BGA1364,Desktop
AMD FX-4330,733.5,3248,4.43,1563,2.13,95.0,34.19,2,2015,AM3+,Desktop
Intel Core i7-960 @ 3.20GHz,298.61,3245,10.87,1452,4.86,130.0,24.96,4,2009,LGA1366,Desktop
Intel Pentium D1508 @ 2.20GHz,129.0,3240,25.12,1760,13.64,25.0,129.6,2,2017,FCBGA1667,Server
Intel Xeon W5590 @ 3.33GHz,1406.34,3239,2.3,1571,1.12,130.0,24.92,4,2009,LGA1366,Server
Intel Pentium Gold G5500T @ 3.20GHz,75.0,3234,43.13,1964,26.18,35.0,92.41,2,2018,FCLGA1151-2,Desktop
Intel Xeon L5638 @ 2.00GHz,69.9,3225,46.14,727,10.4,60.0,53.75,6,2011,LGA1366,Server
AMD A8-7670K,83.56,3224,38.58,1512,18.09,95.0,33.94,4,2015,FM2+,Desktop
AMD A8-7600 APU,149.95,3215,21.44,1452,9.69,65.0,49.47,2,2014,FM2+,Desktop
Intel Core i5-4330M @ 2.80GHz,274.99,3208,11.66,1855,6.75,37.0,86.69,2,2013,unknown,Laptop
Intel Core i5-6260U @ 1.80GHz,499.0,3207,6.43,1665,3.34,15.0,213.83,2,2015,FCBGA1356,Laptop
AMD Phenom II X6 1055T,46.36,3195,68.91,1314,28.35,125.0,25.56,6,2010,AM3,Desktop
Intel Xeon X3470 @ 2.93GHz,97.19,3194,32.86,1411,14.52,95.0,33.62,4,2010,LGA1156,Server
Intel Xeon W3550 @ 3.07GHz,49.95,3193,63.92,1415,28.33,130.0,24.56,4,2009,LGA1366,Server
AMD PRO A12-9800E,169.0,3182,18.83,1551,9.18,35.0,90.92,4,2017,AM4,Desktop
Intel Core i7-5557U @ 3.10GHz,605.99,3181,5.25,1947,3.21,28.0,113.62,2,2015,FCBGA1168,Laptop
Intel Core i3-4170T @ 3.20GHz,199.95,3162,15.82,1813,9.07,35.0,90.36,2,2015,LGA1150,Desktop
Intel Core i5-2400S @ 2.50GHz,144.19,3160,21.92,1480,10.26,65.0,48.62,4,2011,LGA1155,Desktop
AMD A10-6800K APU,67.44,3158,46.83,1605,23.81,100.0,31.58,2,2013,FM2,Desktop
Intel Atom C3858 @ 2.00GHz,332.0,3154,9.5,501,1.51,25.0,126.17,12,2018,FCBGA1310,Server
Intel Core i7-950 @ 3.07GHz,264.88,3154,11.91,1394,5.26,130.0,24.26,4,2009,LGA1366,Desktop
AMD A10-7700K APU,39.3,3153,80.23,1423,36.21,95.0,33.19,2,2014,FM2+,Desktop
AMD A10-7800 APU,56.45,3142,55.66,1450,25.69,65.0,48.34,2,2014,FM2+,Desktop
Intel Core i5-4570T @ 2.90GHz,464.64,3136,6.75,1874,4.03,35.0,89.59,2,2013,LGA1150,Desktop
AMD FX-4200 Quad-Core,59.95,3134,52.27,1285,21.44,125.0,25.07,4,2013,AM3+,Desktop
Intel Core i3-4160T @ 3.10GHz,59.99,3133,52.23,1771,29.53,35.0,89.53,2,2014,LGA1150,Desktop
Intel Pentium G4600T @ 3.00GHz,117.99,3130,26.53,1843,15.62,35.0,89.43,2,2017,FCLGA1151,Desktop
AMD A10-6790K APU,49.2,3124,63.5,1569,31.9,100.0,31.24,2,2013,FM2,Desktop
Intel Pentium Gold G5400T @ 3.10GHz,109.95,3119,28.37,1807,16.44,35.0,89.12,2,2018,FCLGA1151-2,Server
Intel Core i7-875K @ 2.93GHz,368.88,3119,8.45,1374,3.72,95.0,32.83,4,2010,LGA1156,Desktop
AMD FX-4170 Quad-Core,43.79,3109,71.0,1457,33.26,125.0,24.87,2,2012,AM3+,Desktop
Intel Core i5-4570TE @ 2.70GHz,342.0,3106,9.08,1631,4.77,35.0,88.73,2,2014,LGA1150,Desktop
Intel Xeon X5560 @ 2.80GHz,71.0,3100,43.66,1380,19.44,95.0,32.63,4,2009,LGA1366,Server
AMD A10-6700 APU,54.77,3090,56.42,1607,29.34,65.0,47.54,4,2013,FM2,Desktop
Intel Core i7-870 @ 2.93GHz,199.88,3074,15.38,1392,6.97,95.0,32.36,4,2009,LGA1156,Desktop
Intel Core i7-940 @ 2.93GHz,49.0,3066,62.56,1345,27.45,130.0,23.58,4,2008,LGA1366,Desktop
AMD Opteron 2435,10.95,3061,279.52,593,54.18,75.0,40.81,6,2013,F (1207),Server
Intel Xeon W3530 @ 2.80GHz,346.19,3045,8.8,1336,3.86,130.0,23.43,4,2010,LGA1366,Server
Intel Pentium Silver J5005 @ 1.50GHz,521.99,3040,5.82,1206,2.31,10.0,304,4,2017,FCBGA1090,Desktop
AMD Phenom II X6 1045T,45.0,3034,67.43,1287,28.59,95.0,31.94,6,2010,AM3,Desktop
AMD A8-7650K,39.62,3013,76.05,1372,34.62,65.0,46.36,2,2015,FM2+,Desktop
Intel Core m3-8100Y @ 1.10GHz,281.0,2991,10.64,1783,6.35,5.0,598.18,2,2018,FCBGA1515,Laptop
Intel Xeon X5550 @ 2.67GHz,49.0,2988,60.98,1317,26.89,95.0,31.45,4,2009,LGA1366,Server
Intel Core i3-7130U @ 2.70GHz,459.99,2983,6.49,1578,3.43,15.0,198.87,2,2017,FCBGA1356,Laptop
Intel Core i5-2405S @ 2.50GHz,131.39,2980,22.68,1485,11.3,65.0,45.85,4,2011,LGA1155,Desktop
Intel Xeon E5-2637 @ 3.00GHz,79.0,2978,37.69,1526,19.32,80.0,37.22,2,2018,FCLGA2011,Server
AMD A8-6600K APU,38.99,2977,76.36,1527,39.17,100.0,29.77,2,2013,FM2,Desktop
Intel Core i5-3470T @ 2.90GHz,269.95,2958,10.96,1791,6.64,35.0,84.53,2,2012,LGA1155,Desktop
AMD Phenom II X6 1035T,108.0,2947,27.28,1231,11.4,95.0,31.02,6,2010,AM3,Desktop
AMD A10-9700E,92.99,2947,31.7,1413,15.2,35.0,84.21,4,2017,AM4,Desktop
Intel Xeon L5630 @ 2.13GHz,118.0,2943,24.94,1043,8.84,40.0,73.57,4,2010,LGA1366,Server
Intel Core i5-2500T @ 2.30GHz,89.99,2942,32.69,1489,16.54,45.0,65.37,4,2011,LGA1155,Desktop
AMD Athlon X4 760K Quad Core,13.55,2941,217.03,1521,112.28,100.0,29.41,2,2013,FM2,Desktop
Intel Celeron G5925 @ 3.60GHz,53.93,2939,54.49,2282,42.32,58.0,50.67,2,2021,FCLGA1200,Desktop
AMD FX-4300 Quad-Core,25.76,2937,114.01,1489,57.82,95.0,30.92,2,2012,AM3+,Desktop
AMD Opteron 2431,24.99,2936,117.48,570,22.81,75.0,39.14,6,2009,F (1207),Server
AMD A10-5800K APU,46.07,2936,63.73,1495,32.45,100.0,29.36,2,2012,FM2,Desktop
Intel Pentium G4520 @ 3.60GHz,137.99,2926,21.2,2200,15.94,51.0,57.37,2,2015,FCLGA1151,Desktop
Intel Core i7-880 @ 3.07GHz,338.97,2920,8.61,1386,4.09,95.0,30.74,4,2010,LGA1156,Desktop
Intel Celeron J4105 @ 1.50GHz,107.0,2911,27.21,1097,10.25,10.0,291.14,4,2018,FCBGA1090,Desktop
Intel Core i7-3540M @ 3.00GHz,128.02,2911,22.74,1768,13.81,35.0,83.17,2,2013,rPGA988B,Laptop
Intel Pentium G4560T @ 2.90GHz,231.9,2909,12.54,1708,7.36,35.0,83.11,2,2017,FCLGA1151,Desktop
Intel Atom x6425RE @ 1.90GHz,59.0,2903,49.2,1021,17.3,12.0,241.9,4,2022,FCBGA1493,Mobile/Embedded
AMD Athlon X4 830,202.32,2901,14.34,1292,6.39,65.0,44.63,2,2018,FM2+,Desktop
AMD A8-6500B APU,49.95,2898,58.01,1531,30.66,65.0,44.58,2,2014,FM2,Desktop
AMD A10-5800B APU,44.99,2897,64.4,1526,33.92,100.0,28.97,2,2013,FM2,Desktop
AMD PRO A10-9700E,139.0,2896,20.83,1333,9.59,35.0,82.74,2,2016,AM4,Desktop
Intel Core i5-4210M @ 2.60GHz,88.04,2893,32.86,1690,19.2,37.0,78.19,2,2014,FCPGA946,Laptop
Intel Core i7-860 @ 2.80GHz,43.99,2890,65.7,1319,29.98,95.0,30.42,4,2009,LGA1156,Desktop
Intel Xeon W3540 @ 2.93GHz,507.0,2890,5.7,1289,2.54,130.0,22.23,4,2009,LGA1366,Server
Intel Core i7-3520M @ 2.90GHz,122.02,2879,23.59,1746,14.31,35.0,82.24,2,2012,BGA1023,Laptop
Intel Core i7-930 @ 2.80GHz,29.99,2877,95.94,1276,42.54,130.0,22.13,4,2010,LGA1366,Desktop
Intel Core i3-4130T @ 2.90GHz,248.56,2874,11.56,1633,6.57,35.0,82.12,2,2013,LGA1150,Desktop
Intel Xeon E5-2403 v2 @ 1.80GHz,541.0,2873,5.31,991,1.83,80.0,35.91,4,2015,FCLGA1356,Server
AMD Opteron 4184,498.95,2872,5.76,630,1.26,95.0,30.23,6,2011,C32,Server
Intel Core i3-4150T @ 3.00GHz,417.42,2867,6.87,1597,3.83,35.0,81.9,2,2014,FCLGA1150,Desktop
Intel Core i5-3360M @ 2.80GHz,78.02,2846,36.48,1755,22.5,35.0,81.31,2,2012,BGA1023,Laptop
AMD Phenom II X4 980,130.0,2829,21.76,1521,11.7,125.0,22.63,4,2011,AM3,Unknown
AMD A8-6500 APU,43.69,2826,64.68,1497,34.26,65.0,43.47,2,2013,FM2,Desktop
AMD Opteron 6128,269.0,2826,10.5,447,1.66,115.0,24.57,8,2010,G34,Server
AMD Opteron 3350 HE,392.0,2825,7.21,1362,3.47,45.0,62.78,4,2013,unknown,Server
AMD A10-6800B APU,128.02,2824,22.06,1513,11.82,100.0,28.24,2,2014,FM2,Desktop
Intel Xeon X3450 @ 2.67GHz,102.0,2818,27.63,1236,12.12,95.0,29.67,4,2009,LGA1156,Server
Intel Celeron G5905 @ 3.50GHz,47.19,2815,59.64,2189,46.39,58.0,48.53,2,2020,FCLGA1200,Desktop
Intel Xeon X3460 @ 2.80GHz,72.28,2814,38.94,1220,16.88,95.0,29.62,4,2010,LGA1156,Server
AMD A8-5600K APU,69.95,2803,40.08,1417,20.26,100.0,28.03,2,2012,FM2,Desktop
Intel Celeron G5900 @ 3.40GHz,53.99,2790,51.68,2150,39.82,58.0,48.1,2,2020,FCLGA1200,Desktop
AMD Opteron 6172,199.95,2789,13.95,432,2.16,115.0,24.25,12,2010,G34,Server
AMD Athlon X4 750K Quad Core,190.44,2787,14.64,1446,7.59,100.0,27.87,2,2012,FM2,Unknown
Intel Xeon W3520 @ 2.67GHz,59.0,2787,47.23,1245,21.11,130.0,21.44,4,2009,LGA1366,Server
Intel Core2 Extreme X9775 @ 3.20GHz,1805.95,2780,1.54,1451,0.8,150.0,18.53,4,2009,LGA771,Desktop
Intel Core i5-4200M @ 2.50GHz,88.95,2776,31.21,1624,18.26,37.0,75.04,2,2013,PGA946,Laptop
Intel Atom C2750 @ 2.40GHz,232.0,2775,11.96,658,2.83,20.0,138.77,8,2014,FCBGA1283,Server
Intel Xeon E5-2603 v2 @ 1.80GHz,59.0,2751,46.63,977,16.57,80.0,34.39,4,2014,LGA 2011,Server
Intel Core i7-920 @ 2.67GHz,189.88,2741,14.44,1220,6.42,130.0,21.09,4,2008,LGA1366,Desktop
Intel Core i5-5300U @ 2.30GHz,289.99,2740,9.45,1647,5.68,15.0,182.66,2,2015,FCBGA1168,Laptop
Intel Xeon E5540 @ 2.53GHz,71.45,2738,38.33,1200,16.79,80.0,34.23,4,2009,LGA1366,Server
AMD A10-5700 APU,59.95,2735,45.62,1441,24.03,65.0,42.08,2,2012,FM2,Desktop
Intel Pentium G4500 @ 3.50GHz,166.67,2734,16.4,2135,12.81,51.0,53.61,2,2015,FCLGA1151,Desktop
AMD FX-4130 Quad-Core,22.21,2730,122.94,1356,61.06,125.0,21.84,2,2012,AM3+,Desktop
Intel Core i3-7100U @ 2.40GHz,462.0,2721,5.89,1391,3.01,15.0,181.43,2,2016,FCBGA1356,Laptop
Intel Celeron G4950 @ 3.30GHz,1008.66,2714,2.69,2041,2.02,54.0,50.26,2,2021,FCLGA1151,Desktop
Intel Xeon X5470 @ 3.33GHz,179.95,2709,15.05,1454,8.08,120.0,22.57,4,2009,LGA771,Server
AMD A8-5500B APU,49.04,2707,55.2,1393,28.4,65.0,41.65,2,2013,FM2,Desktop
Intel Xeon X5492 @ 3.40GHz,1391.29,2705,1.94,1446,1.04,150.0,18.04,4,2008,LGA771,Server
Intel Xeon E5-2407 @ 2.20GHz,325.03,2699,8.3,920,2.83,80.0,33.74,4,2012,LGA 1356,Server
Intel Xeon E5607 @ 2.27GHz,100.0,2686,26.86,1002,10.02,80.0,33.58,4,2011,LGA1366,Server
Intel Xeon X3440 @ 2.53GHz,50.0,2680,53.61,1149,22.99,95.0,28.21,4,2009,LGA1156,Server
AMD Athlon X4 740 Quad Core,24.99,2655,106.26,1356,54.25,65.0,40.85,2,2012,FM2,Desktop
Intel Celeron G5900T @ 3.20GHz,42.0,2648,63.04,2041,48.6,35.0,75.64,2,2021,FCLGA1200,Desktop
Intel Core i5-3320M @ 2.60GHz,44.04,2646,60.09,1612,36.6,35.0,75.61,2,2012,BGA1023,Laptop
AMD Phenom II X4 970,59.88,2644,44.15,1412,23.58,125.0,21.15,4,2010,AM3,Unknown
Intel Core i3-6100U @ 2.30GHz,529.99,2640,4.98,1347,2.54,15.0,176,2,2015,FCBGA1356,Laptop
Intel Core i5-3340M @ 2.70GHz,69.95,2636,37.69,1630,23.3,35.0,75.32,2,2013,BGA1023,Laptop
Intel Xeon X5482 @ 3.20GHz,99.95,2636,26.37,1394,13.95,150.0,17.57,4,2009,LGA771,Server
Intel Core2 Extreme X9770 @ 3.20GHz,1608.95,2632,1.64,1398,0.87,136.0,19.35,4,2008,LGA775,Desktop
Intel Xeon E5-2609 @ 2.40GHz,71.87,2623,36.5,1081,15.04,80.0,32.79,4,2012,LGA2011,Server
Intel Xeon E5530 @ 2.40GHz,29.99,2614,87.15,1156,38.55,80.0,32.67,4,2009,LGA1366,Server
Intel Core i5-680 @ 3.60GHz,309.19,2603,8.42,1550,5.01,73.0,35.65,2,2010,LGA1156,Desktop
Intel Pentium G4400 @ 3.30GHz,97.41,2599,26.68,2024,20.78,54.0,48.13,2,2015,FCLGA1151,Desktop
Intel Core i5-760 @ 2.80GHz,265.0,2599,9.81,1309,4.94,95.0,27.36,4,2010,LGA1156,Desktop
Intel Pentium Silver N5000 @ 1.10GHz,161.0,2593,16.1,1143,7.1,6.0,432.15,4,2018,FCBGA1090,Laptop
Intel Xeon L3426 @ 1.87GHz,227.0,2590,11.41,1167,5.14,45.0,57.55,4,2010,LGA1156,Server
Intel Core i7-8500Y @ 1.50GHz,393.0,2587,6.58,1477,3.76,5.0,517.42,2,2018,FCBGA1515,Laptop
Intel Xeon X5460 @ 3.16GHz,219.55,2586,11.78,1378,6.28,120.0,21.55,4,2009,LGA771,Server
AMD A8-5500 APU,58.95,2577,43.72,1334,22.62,65.0,39.65,2,2012,FM2,Desktop
Intel Celeron G4930 @ 3.20GHz,107.41,2571,23.94,1999,18.61,54.0,47.61,2,2019,FCLGA1151-2,Desktop
AMD FX-4100 Quad-Core,25.99,2565,98.68,1279,49.2,95.0,27,2,2011,AM3+,Desktop
Intel Core i3-7020U @ 2.30GHz,281.0,2564,9.13,1324,4.71,15.0,170.95,2,2018,FCBGA1356,Laptop
AMD Phenom II X4 965,74.02,2546,34.4,1357,18.33,125.0,20.37,4,2009,AM3,Desktop
AMD Phenom II X4 975,40.72,2544,62.46,1417,34.79,125.0,20.35,4,2011,AM3,Unknown
Intel Xeon L5530 @ 2.40GHz,148.37,2522,17.0,1169,7.88,60.0,42.03,4,2011,LGA1366,Server
Intel Core i3-7102E @ 2.10GHz,225.0,2521,11.21,1292,5.74,25.0,100.85,2,2019,FCBGA1440,Laptop
Intel Core i5-3230M @ 2.60GHz,99.99,2513,25.13,1556,15.56,35.0,71.8,2,2013,PGA988,Laptop
Intel Core i5-670 @ 3.47GHz,291.0,2511,8.63,1542,5.3,73.0,34.4,2,2010,LGA1156,Desktop
Intel Core i5-5250U @ 1.60GHz,529.99,2504,4.72,1569,2.96,15.0,166.93,2,2015,FCBGA1168,Laptop
Intel Core i5-5200U @ 2.20GHz,281.0,2502,8.9,1512,5.38,15.0,166.78,2,2014,FCBGA1168,Laptop
AMD Phenom II X4 B97,79.95,2498,31.25,1326,16.59,95.0,26.3,4,2010,AM2+/AM3,Desktop
AMD Phenom II X4 850,64.99,2496,38.4,1350,20.77,95.0,26.27,4,2011,AM2+/AM3,Unknown
Intel Core i5-750 @ 2.67GHz,200.0,2495,12.48,1242,6.21,95.0,26.27,4,2009,LGA1156,Desktop
Intel Xeon E5472 @ 3.00GHz,20.04,2490,124.24,1302,64.98,80.0,31.12,4,2009,LGA771,Server
Intel Xeon E5450 @ 3.00GHz,36.99,2486,67.21,1294,34.99,80.0,31.08,4,2009,LGA771,Server
Intel Celeron G5920 @ 3.50GHz,61.99,2482,40.04,2151,34.7,58.0,42.79,2,2020,FCLGA1200,Desktop
Intel Core i3-3245 @ 3.40GHz,149.0,2480,16.64,1835,12.32,55.0,45.09,2,2013,LGA1155,Desktop
AMD Opteron 8439 SE,52.0,2479,47.67,590,11.34,105.0,23.61,6,2013,F (1207),Server
Intel Xeon E5520 @ 2.27GHz,72.61,2479,34.14,1056,14.55,80.0,30.98,4,2009,LGA1366,Server
Intel Core i5-661 @ 3.33GHz,200.19,2462,12.3,1455,7.27,87.0,28.3,2,2010,LGA1156,Desktop
Intel Xeon D-1602 @ 2.50GHz,106.0,2459,23.2,1435,13.54,27.0,91.07,2,2020,FCBGA1667,Server
Intel Core2 Extreme X9650 @ 3.00GHz,859.99,2455,2.86,1288,1.5,130.0,18.89,4,2008,LGA775,Desktop
Intel Celeron N4100 @ 1.10GHz,107.0,2451,22.91,1009,9.43,6.0,408.48,4,2018,FCBGA1090,Laptop
Intel Core i5-3210M @ 2.50GHz,52.02,2449,47.08,1534,29.49,35.0,69.98,2,2012,PGA988B,Laptop
Intel Celeron G4900 @ 3.10GHz,105.95,2448,23.11,1914,18.06,54.0,45.34,2,2018,FCLGA1151-2,Desktop
Intel Core i3-4100M @ 2.50GHz,218.57,2447,11.2,1366,6.25,37.0,66.15,2,2014,FCPGA946,Laptop
Intel Xeon X3370 @ 3.00GHz,40.0,2446,61.16,1311,32.76,95.0,25.75,4,2009,LGA775,Server
AMD Athlon II X4 650,166.6,2440,14.65,1329,7.98,95.0,25.69,4,2011,unknown,Unknown
Intel Core i7-2640M @ 2.80GHz,125.05,2439,19.5,1490,11.91,35.0,69.68,2,2011,BGA1023,Laptop
AMD Phenom II X4 955,176.18,2432,13.8,1304,7.4,125.0,19.46,4,2009,AM3,Desktop
Intel Pentium G3470 @ 3.60GHz,64.88,2428,37.43,2089,32.19,53.0,45.82,2,2015,LGA1150,Desktop
Intel Core i7-2620M @ 2.70GHz,135.37,2427,17.93,1470,10.86,35.0,69.34,2,2011,BGA1023,Laptop
Intel Core i7-860S @ 2.53GHz,160.0,2424,15.15,1314,8.21,82.0,29.56,4,2011,LGA1156,Desktop
Intel Core2 Quad Q9650 @ 3.00GHz,54.99,2411,43.84,1292,23.49,95.0,25.38,4,2008,LGA775,Desktop
Intel Celeron G4920 @ 3.20GHz,212.73,2406,11.31,1965,9.24,54.0,44.56,2,2018,FCLGA1151-2,Desktop
Intel Atom C3558 @ 2.20GHz,86.0,2405,27.96,849,9.87,16.0,150.3,4,2017,FCBGA1310,Server
Intel Celeron G4900T @ 2.90GHz,77.95,2403,30.82,1789,22.96,35.0,68.65,2,2018,FCLGA1151-2,Desktop
Intel Core i3-3250 @ 3.50GHz,82.9,2401,28.96,1830,22.08,55.0,43.65,2,2013,LGA1155,Desktop
Intel Xeon X5450 @ 3.00GHz,49.96,2400,48.04,1267,25.36,120.0,20,4,2009,LGA771,Server
AMD Opteron 4170 HE,39.99,2382,59.56,476,11.9,65.0,36.65,6,2010,C32,Server
Intel Celeron G3950 @ 3.00GHz,143.0,2369,16.56,1811,12.66,51.0,46.45,2,2017,FCLGA1151,Desktop
Intel Core i5-2390T @ 2.70GHz,99.9,2364,23.66,1394,13.95,35.0,67.53,2,2011,LGA1155,Desktop
Intel Pentium 6405U @ 2.40GHz,161.0,2363,14.68,1417,8.8,15.0,157.55,2,2020,FCBGA1528,Laptop
Intel Xeon E5-2403 @ 1.80GHz,351.0,2363,6.73,829,2.36,80.0,29.53,4,2012,LGA 1356,Server
Intel Xeon E5-2603 @ 1.80GHz,71.96,2362,32.83,868,12.06,80.0,29.53,4,2012,LGA 2011,Server
AMD Phenom II X4 840,24.28,2355,96.99,1309,53.9,95.0,24.79,4,2011,AM2+/AM3,Desktop
Intel Core i5-660 @ 3.33GHz,69.0,2352,34.08,1435,20.79,73.0,32.21,2,2009,LGA1156,Desktop
Intel Core i3-6102E @ 1.90GHz,225.0,2349,10.44,1068,4.75,25.0,93.96,2,2019,FCBGA1440,Laptop
AMD Opteron 4130,229.95,2347,10.21,1149,5.0,95.0,24.7,4,2016,F (1207),Server
Intel Xeon E5440 @ 2.83GHz,37.99,2340,61.61,1240,32.65,80.0,29.26,4,2009,LGA771,Server
AMD Athlon II X4 651 Quad-Core,149.95,2338,15.59,1296,8.64,100.0,23.38,4,2012,FM1,Unknown
AMD A8-3870K APU,68.04,2336,34.34,1236,18.17,100.0,23.36,4,2011,FM1,Desktop
Intel Xeon X5365 @ 3.00GHz,62.99,2331,37.01,1223,19.41,150.0,15.54,4,2009,LGA771,Server
AMD Phenom II X4 B95,62.02,2329,37.56,1238,19.96,95.0,24.52,4,2010,AM3,Desktop
Intel Xeon E5606 @ 2.13GHz,217.0,2326,10.72,941,4.34,80.0,29.07,4,2011,LGA1366,Server
Intel Xeon X3360 @ 2.83GHz,39.99,2325,58.14,1241,31.04,95.0,24.47,4,2009,LGA775,Server
AMD A10-6700T APU,147.61,2311,15.66,1310,8.87,45.0,51.36,2,2014,FM2,Desktop
Intel Celeron G3920 @ 2.90GHz,1018.0,2310,2.27,1740,1.71,51.0,45.3,2,2016,FCLGA1151,Desktop
Intel Celeron G5905T @ 3.30GHz,42.0,2310,55.01,1996,47.52,35.0,66.01,2,2021,FCLGA1200,Desktop
Intel Xeon X3380 @ 3.16GHz,509.95,2308,4.53,1335,2.62,95.0,24.3,4,2009,LGA775,Server
AMD Athlon II X4 645,28.85,2298,79.64,1264,43.82,95.0,24.19,4,2010,AM3,Desktop
Intel Core i5-2540M @ 2.60GHz,47.0,2297,48.86,1380,29.37,35.0,65.62,2,2010,BGA1023,Laptop
Intel Core2 Quad Q9550 @ 2.83GHz,32.95,2291,69.52,1223,37.12,95.0,24.11,4,2008,LGA775,Desktop
Intel Core i3-3240 @ 3.40GHz,42.17,2287,54.22,1805,42.8,55.0,41.57,2,2012,LGA1155,Desktop
Intel Pentium 5405U @ 2.30GHz,161.0,2286,14.2,1340,8.32,15.0,152.37,2,2019,FCBGA1528,Laptop
Intel Xeon X3363 @ 2.83GHz,87.6,2283,26.07,1240,14.16,80.0,28.54,4,2013,LGA771,Server
Intel Pentium 4417U @ 2.30GHz,161.0,2276,14.13,1327,8.24,15.0,151.7,2,2019,FCBGA1356,Laptop
Intel Xeon L3360 @ 2.83GHz,89.23,2273,25.47,1226,13.74,65.0,34.97,4,2012,LGA775,Server
Intel Celeron G3930 @ 2.90GHz,179.88,2270,12.62,1794,9.97,51.0,44.51,2,2017,FCLGA1151,Desktop
AMD Phenom II X4 840T,58.02,2269,39.1,1274,21.96,95.0,23.88,4,2010,AM2+/AM3,Unknown
Intel Core i5-3427U @ 1.80GHz,420.05,2269,5.4,1369,3.26,17.0,133.46,2,2012,BGA1023,Laptop
Intel Core2 Extreme Q6850 @ 3.00GHz,1495.95,2268,1.52,1230,0.82,130.0,17.44,4,2008,LGA775,Desktop
Intel Core2 Extreme Q6800 @ 2.93GHz,1125.0,2267,2.02,1202,1.07,75.0,30.23,4,2008,LGA775,Desktop
AMD Phenom II X4 945,27.5,2261,82.23,1226,44.6,125.0,18.09,4,2009,AM3,Desktop
Intel Xeon L5430 @ 2.66GHz,227.0,2260,9.96,1154,5.08,50.0,45.21,4,2014,LGA771,Server
Intel Xeon X3430 @ 2.40GHz,71.91,2253,31.32,991,13.78,95.0,23.71,4,2009,LGA1156,Server
Intel Core i5-2520M @ 2.50GHz,42.1,2252,53.5,1375,32.66,35.0,64.35,2,2011,PGA988B,Laptop
AMD A8-3850 APU,68.02,2244,32.99,1207,17.74,100.0,22.44,4,2011,FM1,Desktop
Intel Celeron J3455 @ 1.50GHz,349.0,2237,6.41,806,2.31,10.0,223.66,4,2016,FCBGA1296,Desktop
Intel Xeon X3353 @ 2.66GHz,73.5,2229,30.33,1173,15.96,80.0,27.87,4,2014,LGA775,Server
AMD Phenom II X4 940,870.0,2228,2.56,1210,1.39,125.0,17.83,4,2009,AM2+,Desktop
Intel Core i3-5020U @ 2.20GHz,459.0,2226,4.85,1279,2.79,15.0,148.41,2,2015,FCBGA1168,Laptop
Intel Core i3-3225 @ 3.30GHz,200.0,2222,11.11,1688,8.44,55.0,40.4,2,2012,LGA1155,Desktop
Intel Celeron G3930TE @ 2.70GHz,42.0,2218,52.82,1706,40.61,35.0,63.38,2,2019,FCLGA1151,Desktop
Intel Xeon X5472 @ 3.00GHz,225.0,2218,9.86,1259,5.6,120.0,18.48,4,2009,LGA771,Server
Intel Core i5-650 @ 3.20GHz,33.98,2215,65.19,1386,40.78,73.0,30.34,2,2010,LGA1156,Desktop
Intel Celeron G3900 @ 2.80GHz,77.95,2212,28.38,1718,22.05,51.0,43.38,2,2016,FCLGA1151,Desktop
Intel Xeon E5430 @ 2.66GHz,229.95,2210,9.61,1156,5.03,80.0,27.63,4,2009,LGA771,Server
Intel Celeron G4930T @ 3.00GHz,42.0,2209,52.6,1742,41.48,35.0,63.12,2,2020,FCLGA1151,Desktop
Intel Celeron N6211 @ 1.20GHz,54.0,2207,40.88,1582,29.29,6.5,339.59,2,2021,FCBGA1493,Mobile/Embedded
Intel Core i3-3220 @ 3.30GHz,39.94,2203,55.15,1725,43.18,55.0,40.05,2,2012,LGA1155,Desktop
AMD Phenom II X4 960T,28.88,2196,76.04,1290,44.66,95.0,23.12,4,2011,AM3,Desktop
Intel Core i5-4250U @ 1.30GHz,349.0,2196,6.29,1359,3.89,15.0,146.37,2,2013,BGA1168,Laptop
Intel Core2 Quad Q9500 @ 2.83GHz,49.01,2192,44.73,1217,24.83,95.0,23.08,4,2010,LGA775,Desktop
Intel Pentium G4400TE @ 2.40GHz,64.0,2190,34.23,1481,23.13,35.0,62.58,2,2018,FCLGA1151,Laptop
AMD Athlon II X4 638 Quad-Core,62.85,2183,34.73,1165,18.54,65.0,33.58,4,2015,FM1,Desktop
AMD Phenom II X4 925,21.0,2173,103.46,1156,55.05,95.0,22.87,4,2009,AM3,Desktop
AMD Athlon II X4 640,19.99,2171,108.6,1203,60.19,95.0,22.85,4,2010,AM3,Desktop
Intel Core i5-8200Y @ 1.30GHz,291.0,2169,7.45,1582,5.44,5.0,433.81,2,2018,FCBGA1515,Laptop
Intel Core i3-5010U @ 2.10GHz,299.86,2166,7.22,1241,4.14,15.0,144.37,2,2015,FCBGA1168,Laptop
AMD A8-3820 APU,44.95,2165,48.15,1144,25.46,65.0,33.3,4,2012,FM1,Desktop
Intel Pentium G3460 @ 3.50GHz,65.41,2165,33.09,1954,29.88,53.0,40.84,2,2014,LGA1150,Desktop
Intel Xeon L5520 @ 2.27GHz,49.0,2163,44.13,969,19.78,60.0,36.04,4,2010,LGA1366,Server
Intel Xeon X3350 @ 2.66GHz,59.99,2158,35.97,1156,19.28,95.0,22.71,4,2008,LGA775,Server
AMD Athlon II X4 641 Quad-Core,12.33,2143,173.83,1192,96.66,100.0,21.43,4,2012,FM1,Desktop
Intel Pentium N4200 @ 1.10GHz,228.71,2140,9.36,857,3.75,6.0,356.7,4,2016,FCBGA1296,Laptop
Intel Pentium G3440 @ 3.30GHz,59.0,2129,36.09,1895,32.13,53.0,40.18,2,2014,LGA1150,Desktop
Intel Pentium G3430 @ 3.30GHz,57.99,2125,36.64,1915,33.02,54.0,39.34,2,2013,FCLGA1150,Desktop
Intel Core i3-3210 @ 3.20GHz,70.0,2112,30.17,1695,24.22,55.0,38.4,2,2013,LGA1155,Desktop
Intel Celeron G3930T @ 2.70GHz,97.17,2109,21.7,1650,16.98,35.0,60.26,2,2018,FCLGA1151,Desktop
Intel Core2 Quad Q9450 @ 2.66GHz,35.7,2109,59.06,1126,31.55,95.0,22.2,4,2008,LGA775,Desktop
AMD Athlon II X4 635,19.97,2108,105.55,1141,57.12,95.0,22.19,4,2010,AM3,Desktop
AMD Phenom II X4 820,69.95,2103,30.07,1138,16.27,95.0,22.14,4,2009,AM3,Desktop
AMD Athlon II X4 630,48.04,2093,43.58,1138,23.69,95.0,22.04,4,2009,AM3,Desktop
Intel Core i3-2125 @ 3.30GHz,152.0,2093,13.77,1550,10.2,65.0,32.19,2,2011,LGA1155,Desktop
Intel Pentium G2140 @ 3.30GHz,45.0,2092,46.48,1842,40.93,55.0,38.03,2,2014,LGA1155,Desktop
Intel Pentium G3258 @ 3.20GHz,32.66,2091,64.02,1863,57.06,53.0,39.45,2,2014,FCLGA1150,Desktop
Intel Pentium G3450 @ 3.40GHz,57.97,2091,36.06,1836,31.67,53.0,39.44,2,2014,FCLGA1150,Desktop
AMD Athlon II X4 631 Quad-Core,9.96,2085,209.34,1118,112.22,100.0,20.85,4,2011,FM1,Desktop
Intel Celeron G3900T @ 2.60GHz,112.46,2085,18.54,1549,13.77,35.0,59.58,2,2016,unknown,Desktop
AMD Opteron 2384,1299.0,2074,1.6,1074,0.83,75.0,27.66,4,2009,F (1207),Server
Intel Core M-5Y71 @ 1.20GHz,281.0,2069,7.36,1334,4.75,4.5,459.8,2,2015,FCBGA1234,Laptop
Intel Core2 Quad Q9400 @ 2.66GHz,38.01,2068,54.42,1141,30.01,95.0,21.77,4,2008,LGA775,Desktop
Intel Core i5-3337U @ 1.80GHz,225.0,2067,9.19,1281,5.69,17.0,121.57,2,2013,BGA1023,Laptop
Intel Xeon E5462 @ 2.80GHz,226.0,2067,9.15,1130,5.0,80.0,25.84,4,2009,LGA771,Server
Intel Core2 Quad Q6700 @ 2.66GHz,99.95,2062,20.63,1077,10.78,105.0,19.64,4,2008,LGA775,Desktop
AMD Opteron 3250 HE,99.0,2061,20.82,1003,10.13,45.0,45.8,2,2019,AM3+,Server
Intel Core i5-2450M @ 2.50GHz,74.02,2060,27.82,1275,17.23,35.0,58.85,2,2011,BGA1023,Laptop
AMD Opteron 4162 EE,19.99,2058,102.97,382,19.1,35.0,58.81,6,2015,F (1207),Server
Intel Atom C2758 @ 2.40GHz,214.86,2056,9.57,333,1.55,20.0,102.78,8,2015,BGA 1283,"Laptop, Mobile/Embedded"
AMD A6-3670 APU,176.59,2055,11.64,1129,6.4,100.0,20.55,4,2012,FM1,Desktop
Intel Xeon X3230 @ 2.66GHz,349.95,2052,5.86,1091,3.12,95.0,21.6,4,2009,LGA775,Server
Intel Xeon L5420 @ 2.50GHz,27.5,2051,74.58,1103,40.09,50.0,41.02,4,2009,LGA771,Server
Intel Pentium G3260 @ 3.30GHz,59.97,2049,34.16,1867,31.13,53.0,38.65,2,2015,LGA1150,Desktop
AMD Phenom II X4 910e,69.9,2044,29.24,1076,15.39,65.0,31.44,4,2010,AM3,Desktop
Intel Core i7-640M @ 2.80GHz,229.95,2042,8.88,1385,6.02,35.0,58.34,2,2010,BGA1288,Laptop
Intel Core m3-6Y30 @ 0.90GHz,281.0,2041,7.26,1229,4.37,4.5,453.53,2,2015,FCBGA1515,Laptop
AMD A6-3650 APU,128.0,2037,15.91,1096,8.56,100.0,20.37,4,2011,FM1,Desktop
Intel Core2 Quad Q8400 @ 2.66GHz,128.88,2036,15.8,1154,8.95,95.0,21.44,4,2009,LGA775,Desktop
Intel Celeron G3900E @ 2.40GHz,107.0,2034,19.01,1499,14.01,35.0,58.12,2,2017,FCBGA1440,Laptop
Intel Core i3-2102 @ 3.10GHz,58.0,2029,34.98,1400,24.15,65.0,31.21,2,2016,FCLGA1155,Desktop
Intel Xeon E7- 2830 @ 2.13GHz,1779.0,2027,1.14,559,0.31,105.0,19.31,4,2018,LGA1567,Server
AMD Phenom II X4 830,19.01,2022,106.38,1083,56.96,95.0,21.29,4,2010,AM2+/AM3,Unknown
Intel Core i7-920XM @ 2.00GHz,398.95,2021,5.07,1016,2.55,55.0,36.75,4,2009,PGA988B,Laptop
Intel Core2 Quad Q9505 @ 2.83GHz,190.0,2020,10.63,1190,6.26,95.0,21.26,4,2009,LGA775,Desktop
Intel Core i3-5005U @ 2.00GHz,308.0,2018,6.55,1150,3.74,15.0,134.54,2,2015,FCBGA1168,Laptop
Intel Core i5-655K @ 3.20GHz,77.99,2017,25.87,1446,18.54,73.0,27.63,2,2010,LGA1156,Desktop
Intel Core i5-2430M @ 2.40GHz,73.02,2007,27.48,1244,17.04,35.0,57.33,2,2011,PGA988B,Laptop
Intel Core i7-620M @ 2.67GHz,112.87,1999,17.71,1285,11.38,35.0,57.13,2,2010,BGA1288,Laptop
AMD Opteron 2427,55.0,1995,36.28,386,7.02,75.0,26.6,6,2011,F (1207),Server
Intel Pentium G3420 @ 3.20GHz,49.95,1990,39.84,1805,36.14,54.0,36.86,2,2013,FCLGA1150,Desktop
AMD Athlon X4 750 Quad Core,94.75,1986,20.96,1338,14.12,65.0,30.55,4,2015,FM2,Desktop
Intel Core i3-2130 @ 3.40GHz,67.15,1986,29.57,1557,23.19,65.0,30.55,2,2011,LGA1155,Desktop
Intel Xeon X3320 @ 2.50GHz,229.5,1986,8.65,1097,4.78,95.0,20.9,4,2009,LGA775,Server
Intel Xeon X5355 @ 2.66GHz,299.95,1979,6.6,1060,3.53,120.0,16.49,4,2009,LGA771,Server
Intel Core i5-3317U @ 1.70GHz,225.0,1972,8.77,1235,5.49,17.0,116.03,2,2012,BGA1023,Laptop
AMD Athlon II X4 615e,59.0,1967,33.34,1037,17.58,45.0,43.71,4,2010,AM3,Desktop
Intel Core2 Quad Q9300 @ 2.50GHz,68.02,1962,28.84,1087,15.99,95.0,20.65,4,2008,LGA775,Desktop
AMD Athlon II X4 605e,19.97,1957,98.01,1005,50.34,45.0,43.49,4,2009,AM3,Desktop
Intel Core i5-2410M @ 2.30GHz,42.12,1954,46.38,1224,29.06,35.0,55.82,2,2010,"FCBGA1023, PPG",Laptop
Intel Core i3-3220T @ 2.80GHz,39.99,1949,48.75,1506,37.66,35.0,55.7,2,2012,LGA1155,Desktop
Intel Xeon E5506 @ 2.13GHz,90.0,1946,21.62,941,10.46,80.0,24.33,4,2009,LGA1366,Server
AMD A8-3800 APU,109.95,1939,17.64,1064,9.67,65.0,29.83,4,2011,FM1,Desktop
Intel Celeron N3450 @ 1.10GHz,185.08,1938,10.47,763,4.12,6.0,322.98,4,2016,FCBGA1296,Laptop
Intel Xeon X6550 @ 2.00GHz,79.0,1936,24.5,390,4.94,130.0,14.89,4,2013,LGA1567,Server
Intel Xeon E5603 @ 1.60GHz,95.19,1935,20.32,712,7.48,80.0,24.18,4,2011,LGA1366,Server
AMD Athlon II X4 620,54.95,1934,35.19,1054,19.18,95.0,20.36,4,2009,AM3,Desktop
AMD A6-7480,37.42,1931,51.61,1638,43.77,65.0,29.71,2,2019,FM2+,Desktop
Intel Xeon E5420 @ 2.50GHz,249.95,1931,7.73,1048,4.19,80.0,24.14,4,2009,LGA771,Server
Intel Pentium G3250 @ 3.20GHz,75.0,1928,25.7,1811,24.15,53.0,36.37,2,2014,LGA1150,Desktop
Intel Xeon E5507 @ 2.27GHz,100.0,1928,19.28,997,9.97,80.0,24.1,4,2010,LGA1366,Server
Intel Xeon X3330 @ 2.66GHz,210.0,1928,9.18,1160,5.52,95.0,20.29,4,2010,LGA775,Server
Intel Core i7-840QM @ 1.87GHz,338.9,1928,5.69,1114,3.29,45.0,42.85,4,2010,PGA988A,Laptop
Intel Celeron G1850 @ 2.90GHz,39.99,1926,48.17,1695,42.4,54.0,35.67,2,2014,FCLGA1150,Desktop
Intel Core i3-2120 @ 3.30GHz,27.44,1926,70.17,1517,55.3,65.0,29.62,2,2011,LGA1155,Desktop
AMD Athlon II X3 460,16.78,1924,114.68,1390,82.86,95.0,20.26,3,2011,AM3,Desktop
AMD Athlon 5370 APU,598.68,1923,3.21,755,1.26,25.0,76.92,4,2016,"AM1,FS1B",Desktop
Intel Xeon E5410 @ 2.33GHz,10.69,1923,179.92,1024,95.78,80.0,24.04,4,2009,LGA771,Server
Intel Xeon L5410 @ 2.33GHz,100.08,1921,19.19,1029,10.28,50.0,38.42,4,2009,LGA771,Server
Intel Pentium G3240 @ 3.10GHz,116.99,1919,16.4,1749,14.95,53.0,36.21,2,2014,FCLGA1150,Desktop
AMD Opteron 3320 EE,548.0,1918,3.5,838,1.53,25.0,76.72,2,2016,AM3+,Server
Intel Core i5-580M @ 2.67GHz,99.95,1914,19.14,1266,12.66,35.0,54.67,2,2010,BGA1288,Laptop
Intel Pentium G3420T @ 2.70GHz,159.99,1912,11.95,1570,9.81,35.0,54.61,2,2014,LGA1150,Desktop
AMD A10-4600M APU,98.99,1908,19.28,1063,10.74,35.0,54.53,2,2012,FS1r2,Laptop
Intel Core i5-4422E @ 1.80GHz,266.0,1907,7.17,1048,3.94,25.0,76.27,2,2017,FCBGA1364,Laptop
AMD A10-5750M APU,98.04,1902,19.4,1097,11.18,35.0,54.35,4,2013,FS1r2,Laptop
AMD Phenom II X4 920,27.89,1899,68.1,1068,38.31,125.0,15.2,4,2009,AM2+,Desktop
AMD Opteron 1385,45.0,1898,42.19,1035,22.99,115.0,16.51,4,2014,"AM2+,AM3",Server
AMD Phenom II X4 905e,53.99,1895,35.11,1029,19.06,65.0,29.16,4,2009,AM3,Desktop
Intel Pentium G2130 @ 3.20GHz,43.64,1895,43.42,1745,39.99,55.0,34.46,2,2013,FCLGA1155,Desktop
AMD Phenom 9950 Quad-Core,97.04,1892,19.49,1041,10.73,125.0,15.13,4,2008,AM2+,Desktop
AMD PRO A6-9500,74.0,1875,25.34,1618,21.87,65.0,28.85,2,2017,AM4,Desktop
AMD Athlon II X4 610e,17.9,1871,104.55,999,55.81,45.0,41.59,4,2010,AM3,Desktop
Intel Core i3-2105 @ 3.10GHz,113.0,1871,16.55,1387,12.27,65.0,28.78,2,2011,LGA1155,Desktop
Intel Pentium G2120 @ 3.10GHz,74.99,1870,24.94,1708,22.77,55.0,34,2,2012,FCLGA1155,Desktop
AMD A6-9500,75.42,1864,24.72,1618,21.45,65.0,28.68,2,2016,AM4,Desktop
AMD Opteron 2378,14.49,1864,128.65,936,64.62,75.0,24.86,4,2009,F (1207),Server
Intel Celeron G3900TE @ 2.30GHz,67.66,1850,27.35,1402,20.72,35.0,52.86,2,2018,FCLGA1151,Laptop
AMD Phenom II X4 810,213.0,1849,8.68,1018,4.78,95.0,19.46,4,2009,AM3,Desktop
Intel Pentium G3220 @ 3.00GHz,64.8,1849,28.53,1695,26.16,54.0,34.24,2,2013,FCLGA1150,Desktop
Intel Core i3-4100E @ 2.40GHz,225.0,1848,8.22,1390,6.18,37.0,49.96,2,2021,FCBGA1364,Mobile/Embedded
Intel Core i3-2310E @ 2.10GHz,225.0,1845,8.2,733,3.26,35.0,52.73,2,2012,FCBGA1023,Laptop
AMD Phenom II X3 B77,22.29,1844,82.71,1310,58.76,95.0,19.41,3,2012,AM2+/AM3,Unknown
AMD Phenom II X4 805,173.99,1844,10.6,999,5.74,95.0,19.42,4,2009,AM3,Desktop
AMD A6-9500E,74.45,1841,24.72,1478,19.85,35.0,52.59,2,2018,AM4,Desktop
Intel Xeon X3323 @ 2.50GHz,19.36,1837,94.86,1059,54.69,80.0,22.96,4,2014,LGA775,Server
AMD Athlon II X3 455,39.99,1832,45.82,1343,33.59,95.0,19.29,3,2010,AM3,Desktop
Intel Core i5-560M @ 2.67GHz,88.92,1832,20.6,1238,13.92,35.0,52.35,2,2010,BGA1288,Laptop
AMD A6-3620 APU,22.49,1830,81.38,987,43.89,65.0,28.16,4,2012,FM1,Desktop
Intel Core M-5Y10c @ 0.80GHz,281.0,1822,6.49,1080,3.84,4.5,404.97,2,2015,FCBGA1234,Laptop
Intel Core i3-2100 @ 3.10GHz,116.19,1819,15.65,1426,12.27,65.0,27.98,2,2011,LGA1155,Desktop
Intel Xeon X3220 @ 2.40GHz,66.14,1819,27.5,942,14.24,105.0,17.32,4,2009,LGA775,Server
AMD A8-6500T APU,59.95,1816,30.29,1048,17.49,45.0,40.35,2,2014,FM2,Desktop
Intel Xeon E5345 @ 2.33GHz,39.99,1814,45.36,947,23.68,80.0,22.68,4,2008,LGA771,Server
Intel Core2 Quad Q8300 @ 2.50GHz,34.3,1814,52.89,1059,30.87,95.0,19.1,4,2009,LGA775,Desktop
AMD Athlon X4 620,64.95,1810,27.87,1033,15.9,95.0,19.06,4,2009,unknown,Unknown
AMD Athlon II X3 445,15.21,1808,118.84,1282,84.28,95.0,19.03,3,2010,AM3,Desktop
AMD Phenom 9750 Quad-Core,48.02,1804,37.56,942,19.63,125.0,14.43,4,2008,AM2+,Desktop
AMD A6-7470K,35.22,1799,51.09,1576,44.74,65.0,27.68,1,2016,FM2+,Desktop
Intel Core2 Quad Q8200 @ 2.33GHz,63.99,1797,28.08,1014,15.85,95.0,18.92,4,2008,LGA775,Desktop
Intel Core i7-740QM @ 1.73GHz,99.95,1782,17.83,1009,10.09,45.0,39.59,4,2010,PGA988A,Laptop
AMD Athlon X3 435,95.49,1781,18.65,1192,12.48,95.0,18.75,3,2009,unknown,Unknown
Intel Core2 Quad Q6600 @ 2.40GHz,95.6,1778,18.6,958,10.02,105.0,16.93,4,2008,LGA775,Desktop
AMD Phenom II X4 910,100.0,1776,17.76,988,9.88,95.0,18.7,4,2009,AM3,Desktop
Intel Core i7-820QM @ 1.73GHz,129.0,1768,13.71,1029,7.98,45.0,39.29,4,2009,PGA988A,Laptop
Intel Core2 Quad Q9100 @ 2.26GHz,385.89,1764,4.57,930,2.41,45.0,39.2,4,2009,PGA478,Laptop
AMD Athlon II X3 450,28.02,1763,62.91,1292,46.12,95.0,18.56,3,2010,AM3,Desktop
Intel Celeron G1840 @ 2.80GHz,69.0,1758,25.48,1612,23.36,53.0,33.17,2,2014,FCLGA1150,Desktop
Intel Atom C3538 @ 2.10GHz,75.0,1756,23.41,669,8.92,15.0,117.06,4,2018,FCBGA1310,Server
Intel Pentium G3260T @ 2.90GHz,49.99,1755,35.1,1568,31.37,35.0,50.13,2,2015,LGA1150,Desktop
Intel Core i5-540M @ 2.53GHz,48.99,1752,35.76,1133,23.13,35.0,50.06,2,2010,BGA1288,Laptop
Intel Core i3-4000M @ 2.40GHz,58.11,1744,30.01,1269,21.83,37.0,47.13,2,2013,FCPGA946,Laptop
AMD Athlon 5350 APU,129.0,1737,13.47,698,5.41,25.0,69.48,4,2014,"AM1,FS1B",Desktop
AMD Phenom 9600B Quad-Core,39.95,1736,43.45,937,23.45,95.0,18.27,4,2009,AM2+,Desktop
AMD Opteron 2356,89.95,1733,19.26,849,9.44,75.0,23.1,4,2009,F (1207),Server
Intel Pentium G3250T @ 2.80GHz,49.99,1726,34.52,1568,31.38,35.0,49.3,2,2015,LGA1150,Desktop
AMD Athlon II X3 440,14.76,1718,116.42,1220,82.65,95.0,18.09,3,2010,AM3,Desktop
AMD Athlon II X4 600e,19.99,1711,85.59,913,45.68,45.0,38.02,4,2009,AM3,Desktop
Intel Pentium G2030 @ 3.00GHz,29.0,1711,59.01,1599,55.14,55.0,31.11,2,2013,FCLGA1155,Desktop
Intel Celeron G1630 @ 2.80GHz,69.99,1707,24.39,1553,22.19,55.0,31.04,2,2013,FCLGA1155,Desktop
AMD Opteron 1356,89.99,1703,18.92,918,10.2,75.0,22.7,4,2009,AM2,Server
AMD Phenom 9650 Quad-Core,39.99,1699,42.5,924,23.1,95.0,17.89,4,2008,AM2+,Desktop
Intel Pentium 4425Y @ 1.70GHz,161.0,1697,10.54,967,6.01,6.0,282.8,2,2020,FCBGA1515,Laptop
Intel Core i3-560 @ 3.33GHz,36.97,1696,45.87,1379,37.3,73.0,23.23,2,2010,LGA1156,Desktop
Intel Atom x6211E @ 1.20GHz,35.0,1695,48.43,1304,37.25,6.0,282.52,2,2021,FCBGA1493,Mobile/Embedded
Intel Celeron 4305U @ 2.20GHz,107.0,1694,15.83,1378,12.88,15.0,112.91,2,2021,FCBGA1528,Mobile/Embedded
Intel Celeron 3965U @ 2.20GHz,107.0,1692,15.82,1356,12.67,15.0,112.82,2,2017,FCBGA1356,Laptop
Intel Pentium G2020 @ 2.90GHz,50.0,1684,33.68,1566,31.33,55.0,30.61,2,2013,FCLGA1155,Desktop
Intel Core i5-520M @ 2.40GHz,28.02,1683,60.07,1083,38.67,35.0,48.09,2,2010,BGA1288,Laptop
AMD Phenom 9850 Quad-Core,129.99,1680,12.92,925,7.12,125.0,13.44,4,2008,AM2+,Desktop
Intel Xeon L5335 @ 2.00GHz,18.79,1678,89.29,827,43.99,50.0,33.56,4,2007,LGA771,Server
Intel Celeron 6305E @ 1.80GHz,107.0,1675,15.66,1083,10.12,15.0,111.68,2,2021,FCBGA1449,Mobile/Embedded
AMD Athlon II X3 435,159.95,1670,10.44,1188,7.43,95.0,17.58,3,2009,AM3,Desktop
Intel Celeron G1820 @ 2.70GHz,62.3,1670,26.81,1520,24.39,53.0,31.51,2,2014,FCLGA1150,Desktop
Intel Xeon E5405 @ 2.00GHz,59.0,1664,28.21,877,14.86,80.0,20.8,4,2009,LGA771,Server
AMD PRO A6-9500E,74.0,1662,22.46,1493,20.18,35.0,47.5,2,2017,AM4,Desktop
Intel Core i7-720QM @ 1.60GHz,99.95,1661,16.62,965,9.65,45.0,36.92,4,2009,PGA988A,Laptop
AMD A6-3600 APU,24.95,1649,66.1,896,35.92,65.0,25.37,4,2011,FM1,Desktop
Intel Core i3-4010U @ 1.70GHz,124.95,1647,13.18,905,7.24,15.0,109.77,2,2013,BGA1168,Laptop
AMD Phenom II N970 Quad-Core,149.99,1647,10.98,902,6.01,35.0,47.05,4,2011,S1,Laptop
Intel Core i3-3120M @ 2.50GHz,129.0,1641,12.72,1270,9.85,35.0,46.89,2,2012,PGA988,Laptop
AMD Phenom 9550 Quad-Core,29.99,1636,54.56,873,29.11,95.0,17.23,4,2008,AM2+,Desktop
Intel Core i3-2100T @ 2.50GHz,49.13,1634,33.26,1183,24.08,35.0,46.69,2,2011,LGA1155,Desktop
AMD A8-4500M APU,69.95,1624,23.22,887,12.68,35.0,46.4,2,2012,FS1r2,Laptop
AMD Opteron 1354,238.01,1620,6.81,864,3.63,75.0,21.6,4,2009,AM2,Server
AMD Phenom 9600 Quad-Core,39.95,1619,40.52,904,22.64,95.0,17.04,4,2008,AM2+,Desktop
Intel Celeron G1820T @ 2.40GHz,42.0,1614,38.43,1396,33.24,35.0,46.11,2,2014,LGA1150,Desktop
Intel Core i3-3110M @ 2.40GHz,69.95,1609,23.0,1255,17.95,35.0,45.96,2,2012,BGA1023,Laptop
Intel Pentium 4415Y @ 1.60GHz,161.0,1600,9.94,899,5.59,6.0,266.6,2,2018,FCBGA1515,Laptop
Intel Xeon X3210 @ 2.13GHz,185.71,1599,8.61,875,4.71,105.0,15.23,4,2008,LGA775,Server
Intel Core i3-550 @ 3.20GHz,18.46,1588,86.01,1342,72.69,73.0,21.75,2,2010,LGA1156,Desktop
AMD A6-7400K APU,69.99,1587,22.68,1422,20.31,65.0,24.42,2,2014,FM2+,Desktop
Intel Celeron J4005 @ 2.00GHz,168.75,1581,9.37,1119,6.63,10.0,158.14,2,2018,FCBGA1090,Desktop
AMD Athlon II X3 425,58.34,1576,27.02,1105,18.95,95.0,16.59,3,2009,AM3,Desktop
Intel Pentium G3220T @ 2.60GHz,69.95,1564,22.36,1447,20.68,35.0,44.68,2,2014,LGA1150,Desktop
AMD A4-6320 APU,69.99,1563,22.34,1550,22.14,65.0,24.05,1,2014,FM2,Desktop
AMD Phenom II X3 B75,49.95,1560,31.23,1161,23.23,95.0,16.42,3,2009,AM3,Desktop
Intel Celeron G1830 @ 2.80GHz,89.0,1560,17.53,1513,17.0,53.0,29.44,2,2014,LGA1150,Desktop
AMD Phenom II N930 Quad-Core,129.95,1558,11.99,825,6.35,35.0,44.5,4,2010,S1,Laptop
AMD Athlon II X3 420e,116.15,1557,13.4,1058,9.11,45.0,34.6,3,2011,AM3,Desktop
AMD Phenom II X3 710,169.0,1554,9.2,1069,6.33,95.0,16.36,3,2009,AM3,Desktop
AMD PRO A4-8350B,28.99,1552,53.53,1365,47.07,65.0,23.87,1,2016,FM2+,Desktop
Intel Xeon E5335 @ 2.00GHz,17.77,1549,87.15,817,45.99,80.0,19.36,4,2009,LGA771,Server
Intel Pentium G2010 @ 2.80GHz,22.97,1541,67.08,1473,64.12,55.0,28.01,2,2013,FCLGA1155,Desktop
AMD Phenom II X3 B73,75.0,1538,20.5,1056,14.08,95.0,16.19,3,2010,AM3,Desktop
AMD A6-6420K APU,149.99,1538,10.26,1557,10.38,65.0,23.67,2,2014,FM2,Desktop
Intel Pentium G2030T @ 2.60GHz,130.5,1535,11.76,1441,11.04,35.0,43.85,2,2014,LGA1155,Desktop
Intel Xeon E5504 @ 2.00GHz,64.0,1529,23.89,838,13.1,80.0,19.11,4,2009,LGA1366,Server
Intel Core i3-540 @ 3.07GHz,179.95,1516,8.43,1264,7.03,73.0,20.77,2,2010,LGA1156,Desktop
AMD Phenom 9500 Quad-Core,29.99,1512,50.42,849,28.31,95.0,15.92,4,2008,AM2+,Desktop
AMD Opteron 2354,285.19,1509,5.29,857,3.0,115.0,13.12,4,2013,F (1207),Server
Intel Celeron G1620T @ 2.40GHz,42.0,1507,35.88,1321,31.44,35.0,43.05,2,2014,LGA1155,Desktop
AMD Phenom 9350e Quad-Core,3382.07,1501,0.44,792,0.23,65.0,23.1,4,2009,AM2+,Desktop
Intel Pentium G870 @ 3.10GHz,77.0,1495,19.41,1464,19.01,65.0,22.99,2,2012,FCLGA1155,Desktop
AMD A4-7300 APU,19.69,1492,75.77,1484,75.35,65.0,22.95,1,2014,FM2,Desktop
Intel Celeron 3867U @ 1.80GHz,107.0,1488,13.9,1097,10.26,15.0,99.18,2,2019,FCBGA1356,Laptop
Intel Core i3-2120T @ 2.60GHz,133.89,1486,11.1,1144,8.54,35.0,42.47,2,2011,LGA1155,Desktop
Intel Core2 Quad Q9000 @ 2.00GHz,389.0,1480,3.8,879,2.26,45.0,32.89,4,2009,PGA478,Laptop
Intel Celeron G1610 @ 2.60GHz,37.0,1478,39.95,1359,36.73,55.0,26.88,2,2012,FCLGA1155,Desktop
AMD Phenom II X3 720,64.45,1466,22.74,1081,16.77,95.0,15.43,3,2009,AM3,Desktop
Intel Celeron G1620 @ 2.70GHz,70.27,1466,20.86,1407,20.02,55.0,26.65,2,2013,FCLGA1155,Desktop
AMD Opteron 1352,135.99,1464,10.76,849,6.24,75.0,19.52,4,2009,AM2,Server
AMD Phenom II N950 Quad-Core,112.6,1460,12.97,847,7.52,35.0,41.73,4,2010,S1,Laptop
AMD A8-3510MX APU,77.11,1457,18.9,826,10.71,45.0,32.38,4,2011,FS1,Laptop
AMD Phenom 9450e Quad-Core,105.0,1455,13.86,841,8.01,65.0,22.39,4,2010,AM2+,Desktop
AMD A6-6400K APU,19.81,1453,73.35,1429,72.14,65.0,22.35,1,2013,FM2,Desktop
Intel Xeon E5320 @ 1.86GHz,38.75,1451,37.43,768,19.83,80.0,18.13,4,2009,LGA771,Server
Intel Xeon X5272 @ 3.40GHz,140.0,1451,10.36,1411,10.08,80.0,18.14,2,2009,LGA771,Server
Intel Core i3-530 @ 2.93GHz,115.19,1449,12.58,1176,10.21,73.0,19.85,2,2010,LGA1156,Desktop
Intel Xeon E5240 @ 3.00GHz,88.78,1448,16.32,1312,14.78,65.0,22.28,2,2009,LGA771,Server
Intel Pentium 4410Y @ 1.50GHz,161.0,1444,8.97,777,4.83,6.0,240.71,2,2017,FCBGA1515,Laptop
AMD Athlon II X3 415e,75.0,1441,19.21,1028,13.71,45.0,32.02,3,2010,AM3,Desktop
AMD Athlon X3 440,87.99,1438,16.35,1129,12.83,95.0,15.14,3,2010,unknown,Unknown
Intel Pentium G860 @ 3.00GHz,22.93,1437,62.66,1389,60.57,65.0,22.11,2,2011,FCLGA1155,Desktop
AMD A4-6300 APU,28.99,1431,49.36,1419,48.96,65.0,22.01,1,2013,FM2,Desktop
Intel Xeon E3113 @ 3.00GHz,9.79,1429,145.96,1282,130.96,65.0,21.98,2,2014,LGA775,Server
AMD A6-5400B APU,28.94,1428,49.36,1380,47.69,65.0,21.98,1,2013,FM2,Desktop
AMD Phenom II X2 560,23.98,1426,59.48,1450,60.49,80.0,17.83,2,2010,AM2+/AM3,Unknown
AMD Phenom II X3 740,88.99,1424,16.0,982,11.03,95.0,14.99,3,2010,unknown,Unknown
AMD Phenom 9150e Quad-Core,247.5,1414,5.71,721,2.91,65.0,21.75,4,2009,AM2+,Desktop
Intel Celeron 5205U @ 1.90GHz,107.0,1414,13.21,1094,10.22,15.0,94.25,2,2020,FCBGA1528,Laptop
AMD Phenom II P960 Quad-Core,39.12,1412,36.1,740,18.92,35.0,40.35,4,2011,S1,Laptop
Intel Atom C2558 @ 2.40GHz,136.0,1410,10.37,358,2.63,15.0,94,4,2015,BGA 1283,"Laptop, Mobile/Embedded"
AMD Phenom II X2 565,168.87,1405,8.32,1413,8.37,80.0,17.57,2,2011,AM2+/AM3,Desktop
Intel Pentium G6951 @ 2.80GHz,75.0,1401,18.68,1137,15.16,73.0,19.19,2,2011,LGA1156,Desktop
Intel Celeron N4000 @ 1.10GHz,107.0,1399,13.08,1022,9.55,6.0,233.23,2,2018,FCBGA1090,Laptop
AMD A8-3520M APU,55.0,1398,25.42,831,15.11,35.0,39.94,4,2012,FS1,Laptop
AMD Phenom II X2 B59,48.02,1392,28.98,1384,28.82,80.0,17.4,2,2012,AM2+/AM3,Unknown
AMD Phenom 8600B Triple-Core,14.95,1390,92.96,957,64.03,95.0,14.63,3,2009,AM2+,Desktop
AMD Athlon 5150 APU,98.86,1389,14.05,550,5.56,25.0,55.57,4,2014,"AM1,FS1b",Desktop
Intel Xeon L5310 @ 1.60GHz,112.5,1385,12.31,662,5.88,50.0,27.7,4,2016,LGA771,Server
AMD A6-3500 APU,74.93,1382,18.44,958,12.79,65.0,21.25,3,2011,FM1,Desktop
Intel Pentium G850 @ 2.90GHz,101.97,1373,13.47,1339,13.13,65.0,21.13,2,2011,FCLGA1155,Desktop
Intel Pentium 2020M @ 2.40GHz,134.0,1367,10.2,1268,9.46,35.0,39.06,2,2013,FCPGA988,Laptop
Intel Core2 Duo E8600 @ 3.33GHz,149.95,1362,9.09,1413,9.42,65.0,20.96,2,2008,LGA775,Desktop
AMD Athlon II X2 280,76.89,1355,17.62,1462,19.02,65.0,20.84,2,2013,AM3,Unknown
Intel Pentium 2030M @ 2.50GHz,134.0,1353,10.1,1157,8.63,35.0,38.66,2,2013,FCPGA988,Laptop
Intel Pentium G645 @ 2.90GHz,93.35,1353,14.5,1303,13.96,65.0,20.82,2,2012,LGA1155,Desktop
AMD A4-5300 APU,26.95,1349,50.06,1348,50.02,65.0,20.76,2,2012,FM2,Desktop
Intel Celeron 4205U @ 1.80GHz,107.0,1341,12.53,1057,9.87,15.0,89.41,2,2019,FCBGA1528,Laptop
Intel Pentium G2020T @ 2.50GHz,47.6,1337,28.08,1252,26.3,35.0,38.19,2,2013,FCLGA1155,Desktop
Intel Xeon L5240 @ 3.00GHz,31.4,1337,42.57,1299,41.36,40.0,33.42,2,2009,LGA771,Server
Intel Core i3-2370M @ 2.40GHz,36.99,1336,36.12,1059,28.63,35.0,38.17,2,2012,PGA988B,Laptop
Intel Celeron G1610T @ 2.30GHz,14.98,1334,89.04,1211,80.82,35.0,38.11,2,2013,LGA1155,Desktop
AMD Athlon II X3 405e,112.9,1331,11.79,973,8.62,45.0,29.58,3,2010,AM3,Desktop
AMD A4-6300B APU,27.95,1328,47.51,1373,49.12,65.0,20.43,1,2013,unknown,Desktop
AMD Athlon X2 280,33.49,1327,39.63,1258,37.55,65.0,20.42,2,2014,AM3,Unknown
Intel Core i5 750S @ 2.40GHz,210.19,1326,6.31,1039,4.94,82.0,16.17,4,2012,LGA1156,Desktop
AMD Athlon II X3 400e,25.49,1320,51.8,908,35.62,45.0,29.34,3,2009,AM3,Desktop
Intel Atom x7-Z8700 @ 1.60GHz,73.63,1318,17.9,646,8.78,4.0,329.52,4,2015,BGA1380,Laptop
AMD Athlon X2 340 Dual Core,94.99,1315,13.85,1301,13.7,65.0,20.24,2,2013,unknown,Unknown
Intel Core i5-480M @ 2.67GHz,80.6,1312,16.27,1167,14.48,35.0,37.48,2,2010,BGA1288,Laptop
Intel Pentium 3550M @ 2.30GHz,215.92,1309,6.06,1183,5.48,37.0,35.38,2,2014,FCPGA946,Laptop
AMD Phenom II X2 555,36.96,1308,35.4,1315,35.58,80.0,16.35,2,2010,AM2+/AM3,Desktop
AMD A8-3500M APU,59.95,1308,21.81,781,13.03,35.0,37.36,4,2011,FS1,Laptop
Intel Xeon E5310 @ 1.60GHz,49.0,1306,26.65,640,13.05,80.0,16.33,4,2009,LGA771,Server
Intel Pentium N3700 @ 1.60GHz,444.78,1288,2.9,636,1.43,6.0,214.74,4,2015,FCBGA1170,Laptop
AMD Phenom 9100e Quad-Core,34.95,1279,36.58,734,20.99,65.0,19.67,4,2009,AM2+,Desktop
Intel Core i5-460M @ 2.53GHz,64.95,1279,19.69,1137,17.5,35.0,36.54,2,2010,BGA1288,Laptop
AMD A6-5400K APU,52.02,1279,24.59,1271,24.43,65.0,19.68,1,2012,FM2,Desktop
AMD Sempron 240,36.1,1278,35.39,1300,36.02,65.0,19.66,2,2018,FM2,Desktop
Intel Pentium G630 @ 2.70GHz,14.99,1277,85.21,1225,81.69,65.0,19.65,2,2011,LGA1155,Desktop
Intel Pentium G640 @ 2.80GHz,30.0,1270,42.34,1290,43.0,65.0,19.54,2,2012,LGA1155,Desktop
Intel Celeron G555 @ 2.70GHz,39.99,1268,31.71,1275,31.87,65.0,19.51,2,2012,LGA1155,Desktop
Intel Core i3-2350M @ 2.30GHz,36.03,1263,35.04,1004,27.86,35.0,36.07,2,2011,PGA988B,Laptop
AMD Phenom II N850 Triple-Core,25.0,1253,50.13,882,35.28,35.0,35.81,3,2010,S1,Laptop
Intel Xeon E3110 @ 3.00GHz,199.95,1242,6.21,1331,6.66,65.0,19.11,2,2008,LGA775,Server
Intel Xeon X5260 @ 3.33GHz,13.0,1238,95.2,1406,108.17,80.0,15.47,2,2009,LGA771,Server
Intel Core2 Duo E8500 @ 3.16GHz,129.95,1238,9.53,1324,10.19,65.0,19.05,2,2008,LGA775,Desktop
Intel Atom x5-Z8500 @ 1.44GHz,62.57,1238,19.78,628,10.04,4.0,309.45,4,2015,UTFCBGA1380,Laptop
Intel Core i3-2330M @ 2.20GHz,39.95,1235,30.9,984,24.62,35.0,35.27,2,2011,BGA1023,Laptop
AMD Athlon II X2 270,19.99,1234,61.75,1353,67.67,65.0,18.99,2,2011,AM3,Desktop
AMD Athlon II X2 265,15.5,1233,79.56,1344,86.7,65.0,18.97,2,2010,AM3,Desktop
Intel Core2 Duo T9900 @ 3.06GHz,398.95,1232,3.09,1210,3.03,35.0,35.21,2,2009,"BGA479,PGA478",Laptop
AMD A6-3400M APU,28.99,1226,42.3,717,24.72,35.0,35.04,4,2011,FS1,Laptop
AMD A4-4020 APU,91.0,1225,13.47,1238,13.61,65.0,18.85,2,2014,FM2,Desktop
AMD Athlon II X2 B26,24.95,1224,49.06,1291,51.73,65.0,18.83,2,2011,unknown,Unknown
AMD Phenom II X3 705e,152.34,1222,8.02,962,6.31,65.0,18.81,3,2009,AM3,Desktop
Intel Core i3-2328M @ 2.20GHz,150.11,1221,8.13,986,6.57,35.0,34.88,2,2012,PGA988,Laptop
AMD A4-5300B APU,25.95,1220,47.02,1254,48.34,65.0,18.77,2,2012,FM2,Desktop
Intel Pentium N3540 @ 2.16GHz,250.87,1216,4.85,714,2.85,7.5,162.12,4,2014,FCBGA1170,Laptop
AMD Phenom 8450 Triple-Core,16.99,1214,71.48,829,48.8,95.0,12.78,3,2008,AM2+,Desktop
Intel Core i5-430M @ 2.27GHz,129.95,1211,9.32,997,7.67,35.0,34.6,2,2010,BGA1288,Laptop
AMD Phenom 8600 Triple-Core,52.99,1210,22.84,898,16.95,95.0,12.74,3,2009,AM2+,Desktop
Intel Core i5-450M @ 2.40GHz,31.95,1208,37.8,1035,32.39,35.0,34.51,2,2010,PGA988A,Laptop
Intel Pentium G620 @ 2.60GHz,11.99,1207,100.66,1203,100.3,65.0,18.57,2,2011,LGA1155,Desktop
AMD Phenom 8650 Triple-Core,19.0,1205,63.42,854,44.94,95.0,12.68,3,2008,AM2+,Desktop
Intel Celeron G550 @ 2.60GHz,49.0,1200,24.49,1192,24.32,65.0,18.46,2,2012,LGA1155,Desktop
AMD A6-3410MX APU,3.99,1199,300.6,722,180.84,45.0,26.65,4,2011,FS1,Laptop
AMD Opteron 2222,19.0,1198,63.08,618,32.53,95.0,12.62,2,2013,F (1207),Server
Intel Core i3-2310M @ 2.10GHz,39.95,1193,29.85,943,23.59,35.0,34.07,2,2011,BGA1023,Laptop
AMD A4-4000 APU,19.97,1190,59.59,1195,59.82,65.0,18.31,1,2013,FM2,Desktop
Intel Core i3-3217U @ 1.80GHz,199.0,1188,5.97,907,4.56,17.0,69.9,2,2012,BGA1023,Laptop
Intel Celeron 3965Y @ 1.50GHz,107.0,1179,11.02,889,8.31,6.0,196.53,2,2018,FCBGA1515,Laptop
Intel Core i3-390M @ 2.67GHz,38.95,1178,30.25,1096,28.15,35.0,33.66,2,2011,BGA1288,Laptop
AMD Athlon II X2 B28,39.02,1177,30.18,1347,34.52,65.0,18.11,2,2012,AM3,Desktop
Intel Pentium G840 @ 2.80GHz,84.53,1175,13.9,1252,14.81,65.0,18.08,2,2011,FCLGA1155,Desktop
AMD Phenom II X2 550,41.91,1169,27.89,1240,29.58,80.0,14.61,2,2009,AM2+/AM3,Desktop
Intel Core2 Duo E8400 @ 3.00GHz,140.0,1169,8.35,1242,8.87,65.0,17.98,2,2008,LGA775,Desktop
Intel Pentium E6800 @ 3.33GHz,24.95,1166,46.74,1358,54.45,65.0,17.94,2,2010,LGA775,Desktop
Intel Pentium E5800 @ 3.20GHz,139.95,1165,8.33,1314,9.39,65.0,17.93,2,2012,LGA775,Desktop
Intel Core i3-380M @ 2.53GHz,49.95,1165,23.32,1018,20.37,35.0,33.28,2,2010,PGA988A,Laptop
AMD Athlon II X2 255,12.55,1163,92.67,1249,99.53,65.0,17.89,2,2010,AM3,Desktop
Intel Core2 Duo T9800 @ 2.93GHz,423.89,1163,2.74,1220,2.88,35.0,33.22,2,2009,BGA479,Laptop
Intel Core2 Duo E7600 @ 3.06GHz,119.95,1161,9.67,1275,10.63,65.0,17.85,2,2009,LGA775,Desktop
AMD A6-5350M APU,33.12,1160,35.01,1213,36.63,35.0,33.13,2,2013,FS1r2,Laptop
AMD Phenom II P920 Quad-Core,65.0,1160,17.85,598,9.2,25.0,46.4,4,2010,S1,Laptop
AMD Athlon II X2 250e,76.73,1155,15.05,1201,15.65,45.0,25.67,2,2011,AM3,Desktop
Intel Celeron N3160 @ 1.60GHz,349.0,1154,3.31,567,1.62,6.0,192.42,4,2016,FCBGA1170,Laptop
AMD Sempron 3850 APU,47.58,1153,24.22,448,9.42,25.0,46.1,4,2014,"AM1,FS1b",Desktop
Intel Pentium E6700 @ 3.20GHz,140.19,1152,8.22,1314,9.37,65.0,17.72,2,2010,LGA775,Desktop
AMD Phenom II X2 B55,37.95,1151,30.34,1244,32.79,80.0,14.39,2,2009,AM3,Desktop
Intel Xeon W3505 @ 2.53GHz,14.86,1142,76.86,1104,74.29,130.0,8.79,2,2009,LGA1366,Server
Intel Core2 Duo E6850 @ 3.00GHz,51.2,1140,22.26,1196,23.36,65.0,17.53,2,2008,LGA775,Desktop
Intel Pentium G640T @ 2.40GHz,84.88,1139,13.42,1102,12.98,35.0,32.54,2,2012,LGA1155,Desktop
Intel Core2 Extreme X9100 @ 3.06GHz,851.0,1139,1.34,1175,1.38,44.0,25.89,2,2008,PGA478,Laptop
Intel Core2 Extreme X9000 @ 2.80GHz,409.95,1135,2.77,1103,2.69,44.0,25.79,2,2009,PGA478,Laptop
Intel Celeron N3350 @ 1.10GHz,275.49,1126,4.09,809,2.94,6.0,187.73,2,2016,FCBGA1296,Laptop
Intel Core i3-370M @ 2.40GHz,29.96,1126,37.57,977,32.6,35.0,32.16,2,2010,PGA988A,Laptop
Intel Xeon L5320 @ 1.86GHz,69.99,1118,15.97,281,4.02,50.0,22.35,4,2011,LGA771,Server
AMD Athlon II X2 260,39.99,1113,27.83,1249,31.24,65.0,17.12,2,2010,AM3,Desktop
Intel Celeron G540 @ 2.50GHz,11.03,1110,100.59,1131,102.53,65.0,17.07,2,2011,LGA1155,Desktop
AMD Phenom II X2 545,43.98,1107,25.18,1083,24.63,80.0,13.84,2,2009,AM2+/AM3,Desktop
AMD Opteron 2220,1038.26,1106,1.07,553,0.53,95.0,11.64,2,2009,F (1207),Server
AMD Athlon II X2 210e,28.49,1105,38.79,1105,38.8,45.0,24.56,2,2010,AM3,Desktop
Intel Celeron G530 @ 2.40GHz,48.99,1096,22.36,1078,22.01,65.0,16.86,2,2011,LGA1155,Desktop
AMD A4-3420 APU,136.0,1094,8.04,1150,8.46,65.0,16.83,2,2012,FM1,Desktop
Intel Core2 Extreme X7900 @ 2.80GHz,159.95,1093,6.83,1087,6.8,44.0,24.83,2,2009,PGA478,Laptop
Intel Celeron 2002E @ 1.50GHz,86.0,1091,12.68,871,10.12,25.0,43.63,2,2018,FCBGA1364,Laptop
Intel Pentium B970 @ 2.30GHz,50.99,1091,21.4,1055,20.7,35.0,31.17,2,2012,PGA988,Laptop
Intel Core2 Duo E7500 @ 2.93GHz,99.63,1090,10.94,1198,12.03,65.0,16.76,2,2009,LGA775,Desktop
Intel Celeron G1101 @ 2.27GHz,19.77,1086,54.92,929,46.99,73.0,14.87,2,2011,FCLGA1156,Desktop
AMD Phenom 8250e Triple-Core,46.99,1084,23.08,729,15.52,65.0,16.68,3,2009,940,Desktop
AMD Athlon II X2 250,38.95,1083,27.8,1155,29.66,65.0,16.66,2,2009,AM3,Desktop
AMD Athlon II X2 245e,19.99,1075,53.77,1145,57.28,45.0,23.89,2,2011,AM3,Desktop
AMD Athlon II X2 B24,24.1,1073,44.53,1206,50.03,65.0,16.51,2,2010,AM3,Desktop
Intel Pentium E6500 @ 2.93GHz,95.71,1073,11.21,1210,12.64,65.0,16.51,2,2009,LGA775,Desktop
Intel Pentium E6600 @ 3.06GHz,16.99,1072,63.11,1156,68.06,65.0,16.49,2,2010,LGA775,Desktop
AMD A4-3400 APU,20.0,1066,53.31,1075,53.73,65.0,16.4,2,2011,FM1,Desktop
Intel Pentium B980 @ 2.40GHz,35.81,1064,29.71,1050,29.33,35.0,30.4,2,2012,FCPGA988,Laptop
Intel Core2 Duo E8200 @ 2.66GHz,75.99,1064,14.0,1126,14.82,65.0,16.36,2,2008,LGA775,Desktop
Intel Core i3-350M @ 2.27GHz,29.0,1062,36.63,879,30.3,35.0,30.35,2,2010,BGA1288,Laptop
Intel Pentium G6950 @ 2.80GHz,79.0,1061,13.43,1035,13.1,73.0,14.53,2,2010,LGA1156,Desktop
Intel Celeron G530T @ 2.00GHz,16.99,1056,62.15,962,56.61,35.0,30.17,2,2011,LGA1155,Desktop
Intel Xeon W3503 @ 2.40GHz,9.99,1052,105.35,1015,101.64,130.0,8.1,2,2009,LGA1366,Server
Intel Core2 Duo T9600 @ 2.80GHz,54.95,1051,19.13,1121,20.39,35.0,30.03,2,2009,BGA479,Laptop
AMD Athlon II X2 235e,97.5,1049,10.75,1107,11.35,45.0,23.3,2,2009,AM3,Desktop
AMD Athlon 7850 Dual-Core,99.99,1037,10.37,1110,11.1,95.0,10.91,2,2009,AM2+,Desktop
AMD Athlon II X2 B22,25.95,1036,39.93,1124,43.31,65.0,15.94,2,2010,AM3,Desktop
AMD Opteron 2218,96.41,1036,10.75,491,5.09,95.0,10.91,2,2009,F (1207),Server
Intel Core2 Duo E8300 @ 2.83GHz,19.99,1034,51.71,1169,58.47,65.0,15.9,2,2008,LGA775,Desktop
Intel Pentium G630T @ 2.30GHz,84.07,1029,12.24,1040,12.37,35.0,29.4,2,2011,LGA1155,Desktop
AMD A6-4400M APU,27.0,1026,38.0,1043,38.63,35.0,29.31,1,2012,FS1r2,Laptop
Intel Xeon 3070 @ 2.66GHz,28.65,1025,35.78,1024,35.74,65.0,15.77,2,2010,LGA775,Server
AMD Athlon II X2 220,59.95,1024,17.07,1105,18.43,65.0,15.75,2,2010,AM3,Desktop
AMD Phenom II N660 Dual-Core,89.0,1024,11.51,1070,12.02,35.0,29.26,2,2011,S1,Laptop
AMD Athlon II X2 245,12.55,1022,81.47,1113,88.69,65.0,15.73,2,2009,AM2+/AM3,Desktop
Intel Pentium 2127U @ 1.90GHz,134.0,1018,7.59,941,7.02,17.0,59.87,2,2013,FCBGA1023,Laptop
Intel Pentium E5700 @ 3.00GHz,49.99,1017,20.35,1169,23.39,65.0,15.65,2,2010,LGA775,Desktop
Intel Core2 Duo T9500 @ 2.60GHz,108.02,1016,9.4,1090,10.09,35.0,29.02,2,2009,BGA479,Laptop
Intel Core2 Duo E6700 @ 2.66GHz,29.99,1012,33.76,1055,35.17,65.0,15.57,2,2010,LGA775,Desktop
Intel Core2 Duo P9600 @ 2.53GHz,99.0,1012,10.22,1075,10.86,25.0,40.46,2,2009,PGA478,Laptop
Intel Core2 Duo E6750 @ 2.66GHz,10.3,1010,98.06,1050,101.99,65.0,15.54,2,2008,LGA775,Desktop
Intel Pentium E5500 @ 2.80GHz,15.99,1010,63.14,1140,71.31,65.0,15.53,2,2010,LGA775,Desktop
Intel Pentium E6300 @ 2.80GHz,41.85,1000,23.89,1129,26.97,65.0,15.38,2,2009,LGA775,Desktop
Intel Pentium 2117U @ 1.80GHz,134.0,998,7.45,925,6.9,17.0,58.7,2,2013,FCBGA1023,Laptop
Intel Core i3-330M @ 2.13GHz,149.95,997,6.65,809,5.39,35.0,28.48,2,2010,BGA1288,Laptop
AMD Phenom II N620 Dual-Core,3.99,990,248.09,1069,267.82,35.0,28.28,2,2010,S1,Laptop
AMD Athlon II X2 240e,37.89,980,25.86,1092,28.81,45.0,21.77,2,2009,AM3,Desktop
Intel Core2 Duo E7400 @ 2.80GHz,14.99,980,65.35,1104,73.63,65.0,15.07,2,2008,LGA775,Desktop
AMD Phenom X3 8550,29.95,976,32.59,810,27.06,95.0,10.27,3,2009,AM2/AM2+,Desktop
Intel Core2 Duo T7800 @ 2.60GHz,607.99,976,1.6,1034,1.7,35.0,27.88,2,2009,BGA479,Laptop
AMD Athlon 64 FX-74,499.5,972,1.95,617,1.24,125.0,7.78,2,2009,F (1207),Desktop
AMD A4-3300 APU,56.61,971,17.15,1026,18.13,65.0,14.93,2,2011,FM1,Desktop
AMD A4-4300M APU,29.86,971,32.51,976,32.68,35.0,27.73,1,2012,FS1,Laptop
AMD Athlon 64 X2 Dual Core 6400+,249.95,967,3.87,1142,4.57,125.0,7.74,2,2008,AM2,Desktop
AMD Phenom II N640 Dual-Core,54.95,965,17.57,1039,18.9,35.0,27.58,2,2010,S1,Laptop
Intel Core2 Duo E7300 @ 2.66GHz,33.07,964,29.15,1097,33.17,65.0,14.83,2,2008,LGA775,Desktop
Intel Xeon 5160 @ 3.00GHz,43.5,963,22.14,1134,26.08,80.0,12.04,2,2009,LGA771,Server
Intel Atom C2538 @ 2.40GHz,104.0,960,9.23,491,4.72,15.0,64.01,4,2018,FCBGA1283,Laptop
AMD Athlon II X2 215,28.97,959,33.09,1041,35.92,65.0,14.75,2,2009,AM3,Desktop
Intel Core2 Duo P9500 @ 2.53GHz,998.99,959,0.96,1056,1.06,25.0,38.36,2,2008,BGA479,Laptop
AMD Opteron 285,24.95,956,38.3,509,20.39,95.0,10.06,2,2009,940,Server
Intel Core2 Duo P8700 @ 2.53GHz,84.95,956,11.26,1045,12.3,25.0,38.25,2,2009,BGA479,Laptop
AMD E2-3200 APU,7.99,953,119.23,964,120.61,65.0,14.66,2,2011,FM1,Desktop
AMD Opteron 290,135.0,952,7.05,570,4.22,95.0,10.02,2,2009,940,Server
AMD Athlon 7750 Dual-Core,79.99,951,11.88,1034,12.93,95.0,10.01,2,2009,AM2+,Desktop
Intel Core2 Duo SP9400 @ 2.40GHz,284.0,948,3.34,930,3.28,25.0,37.93,2,2009,BGA956,Laptop
Intel Core2 Duo E7200 @ 2.53GHz,47.0,947,20.14,1068,22.73,65.0,14.56,2,2008,LGA775,Desktop
AMD Athlon 64 FX-62 Dual Core,375.0,943,2.51,1000,2.67,125.0,7.54,2,2009,AM2,Desktop
Intel Core2 Duo T9400 @ 2.53GHz,44.95,941,20.93,1016,22.61,35.0,26.88,2,2009,BGA479,Laptop
Intel Core2 Duo P8800 @ 2.66GHz,56.99,940,16.49,1087,19.07,25.0,37.59,2,2009,BGA479,Laptop
Intel Core2 Duo T9300 @ 2.50GHz,94.95,940,9.9,1020,10.74,35.0,26.86,2,2008,BGA479,Laptop
Intel Xeon 3060 @ 2.40GHz,22.99,939,40.84,942,40.96,65.0,14.44,2,2009,LGA775,Server
Intel Core2 Duo T9550 @ 2.66GHz,298.95,937,3.13,1035,3.46,35.0,26.77,2,2009,BGA479,Laptop
Intel Pentium E5400 @ 2.70GHz,92.76,936,10.09,1074,11.58,65.0,14.4,2,2009,LGA775,Desktop
AMD Athlon II X2 240,24.95,935,37.46,1027,41.18,65.0,14.38,2,2009,AM3,Desktop
Intel Celeron E3500 @ 2.70GHz,21.0,935,44.54,1154,54.93,65.0,14.39,2,2011,LGA775,Desktop
AMD Phenom II P650 Dual-Core,35.0,933,26.66,985,28.14,35.0,26.66,2,2011,S1,Laptop
Intel Xeon L3406 @ 2.27GHz,265.19,928,3.5,647,2.44,30.0,30.94,2,2010,LGA1156,Server
AMD Athlon 64 X2 Dual Core 5600+,107.21,923,8.61,1027,9.58,89.0,10.37,2,2008,AM2,Desktop
AMD Turion II Ultra Dual-Core Mobile M600,16.76,923,55.1,982,58.6,35.0,26.38,2,2009,S1,Laptop
AMD Athlon 64 X2 Dual Core 6000+,38.5,919,23.87,1022,26.55,89.0,10.33,2,2008,AM2,Desktop
Intel Celeron 3205U @ 1.50GHz,287.04,918,3.2,879,3.06,15.0,61.19,2,2015,FCBGA1168,Laptop
Intel Xeon 5148 @ 2.33GHz,20.0,912,45.62,868,43.39,40.0,22.81,2,2010,LGA771,Server
AMD Athlon 64 X2 Dual Core 5400+,52.99,910,17.16,1010,19.07,65.0,13.99,2,2008,AM2,Desktop
Intel Pentium B960 @ 2.20GHz,38.68,910,23.53,941,24.32,35.0,26,2,2012,PGA988,Laptop
AMD Opteron 2220 SE,25.0,909,36.35,519,20.75,119.0,7.64,2,2009,F (1207),Server
Intel Atom x5-Z8350 @ 1.44GHz,21.0,909,43.29,482,22.97,4.0,227.26,4,2016,UTFCBGA592,Laptop
Intel Core2 Duo T8300 @ 2.40GHz,108.95,906,8.32,996,9.14,35.0,25.9,2,2008,BGA479,Laptop
Intel Pentium E5300 @ 2.60GHz,59.49,906,15.22,1032,17.34,65.0,13.93,2,2009,LGA775,Desktop
Intel Core2 Duo E6600 @ 2.40GHz,35.09,901,25.68,953,27.17,65.0,13.86,2,2008,PLGA775,Desktop
Intel Pentium G620T @ 2.20GHz,19.99,896,44.84,961,48.05,35.0,25.61,2,2011,LGA1155,Desktop
AMD Turion II P540 Dual-Core,49.95,884,17.7,843,16.88,35.0,25.26,2,2010,S1,Laptop
AMD Sempron X2 190,83.44,879,10.53,977,11.71,45.0,19.53,2,2012,AM2+/AM3,Unknown
Intel Core2 Duo E6550 @ 2.33GHz,13.3,875,65.78,911,68.52,65.0,13.46,2,2008,LGA775,Desktop
AMD Athlon 5200 Dual-Core,89.0,869,9.77,915,10.28,75.0,11.59,2,2010,AM2,Desktop
Intel Core2 Duo P7550 @ 2.26GHz,229.99,868,3.78,917,3.99,25.0,34.74,2,2009,PGA478,Laptop
Intel Pentium E5200 @ 2.50GHz,49.94,867,17.35,1006,20.14,65.0,13.33,2,2009,LGA775,Desktop
Intel Xeon 3065 @ 2.33GHz,20.9,867,41.49,836,40.0,65.0,13.34,2,2009,LGA775,Server
AMD Turion 64 X2 Mobile TL-68,90.0,861,9.56,887,9.85,35.0,24.59,2,2009,S1,Laptop
Intel Celeron E3200 @ 2.40GHz,19.99,860,43.02,992,49.63,65.0,13.23,2,2009,LGA775,Desktop
AMD Athlon 7550 Dual-Core,14.95,859,57.47,919,61.47,95.0,9.04,2,2009,AM2+,Desktop
Intel Xeon 5140 @ 2.33GHz,36.99,857,23.16,870,23.51,65.0,13.18,2,2009,LGA771,Server
AMD Turion II N530 Dual-Core,30.0,855,28.51,968,32.27,35.0,24.44,2,2010,S1,Laptop
Intel Core2 Duo P8600 @ 2.40GHz,49.18,853,17.35,936,19.03,25.0,34.13,2,2008,BGA479,Laptop
Intel Pentium P6100 @ 2.00GHz,28.44,850,29.89,831,29.21,35.0,24.29,2,2010,PGA988,Laptop
Intel Pentium P6200 @ 2.13GHz,24.95,847,33.94,840,33.66,35.0,24.2,2,2010,PGA988,Laptop
Intel Xeon 3050 @ 2.13GHz,157.95,841,5.32,672,4.26,65.0,12.93,2,2009,LGA775,Server
Intel Xeon 5150 @ 2.66GHz,30.99,840,27.11,999,32.23,65.0,12.92,2,2009,LGA771,Server
AMD Opteron 275,99.95,839,8.4,445,4.45,95.0,8.83,2,2008,940,Server
Intel Xeon E5205 @ 1.86GHz,14.27,838,58.75,788,55.24,65.0,12.9,2,2012,LGA771,Server
Intel Xeon E5502 @ 1.87GHz,80.0,837,10.46,799,9.98,80.0,10.46,2,2009,LGA1366,Server
Intel Celeron E3300 @ 2.50GHz,64.78,837,12.92,1042,16.08,65.0,12.87,2,2009,LGA775,Desktop
AMD Athlon Dual Core 5000B,95.0,835,8.79,935,9.84,65.0,12.84,2,2009,AM2,Desktop
AMD Athlon 5000 Dual-Core,109.95,835,7.59,892,8.11,65.0,12.84,2,2009,"AM2,AM2+",Desktop
Intel Pentium B940 @ 2.00GHz,29.94,832,27.78,861,28.75,35.0,23.77,2,2011,PGA988,Laptop
AMD Turion II Dual-Core Mobile M520,69.1,830,12.01,927,13.41,35.0,23.71,2,2009,S1,Laptop
Intel Core2 Duo E4600 @ 2.40GHz,157.95,829,5.25,925,5.86,65.0,12.76,2,2008,LGA775,Desktop
Intel Celeron E3400 @ 2.60GHz,14.99,829,55.32,1007,67.16,65.0,12.76,2,2010,LGA775,Desktop
Intel Core2 Duo P8400 @ 2.26GHz,297.01,827,2.79,921,3.1,25.0,33.09,2,2008,BGA479,Laptop
AMD Sempron X2 180,69.4,826,11.9,865,12.47,45.0,18.35,2,2011,unknown,Unknown
Intel Core2 Duo T7700 @ 2.40GHz,129.95,825,6.35,899,6.92,35.0,23.56,2,2008,BGA479,Laptop
Intel Core2 Duo T7500 @ 2.20GHz,42.99,823,19.14,878,20.43,35.0,23.51,2,2008,BGA479,Laptop
Intel Core2 Extreme X6800 @ 2.93GHz,263.64,823,3.12,973,3.69,75.0,10.98,2,2008,PLGA775,Desktop
Intel Atom x5-Z8300 @ 1.44GHz,132.99,819,6.16,463,3.48,4.0,204.66,4,2015,UTFCBGA592,"Laptop, Mobile/Embedded"
AMD Athlon 64 X2 Dual Core 5200+,60.0,812,13.54,915,15.24,65.0,12.5,2,2008,AM2,Desktop
Intel Celeron B830 @ 1.80GHz,49.99,812,16.25,841,16.83,35.0,23.21,2,2012,rPGA988B,Laptop
Intel Core2 Duo E4700 @ 2.60GHz,26.99,811,30.04,998,36.98,65.0,12.47,2,2008,LGA775,Desktop
Intel Xeon E5503 @ 2.00GHz,130.19,804,6.18,845,6.49,80.0,10.05,2,2010,LGA1366,Server
Intel Celeron 1007U @ 1.50GHz,184.99,798,4.31,760,4.11,17.0,46.93,2,2013,FCBGA1023,Laptop
AMD Athlon 64 X2 Dual Core 5800+,29.95,797,26.6,1008,33.66,89.0,8.95,2,2009,unknown,Desktop
Intel Xeon 5130 @ 2.00GHz,48.99,795,16.22,796,16.24,65.0,12.23,2,2009,LGA771,Server
Intel Pentium E2220 @ 2.40GHz,55.0,793,14.42,892,16.23,65.0,12.21,2,2009,LGA775,Desktop
Intel Pentium T4500 @ 2.30GHz,29.95,793,26.48,911,30.42,35.0,22.66,2,2010,PGA478,Laptop
AMD Turion X2 Ultra Dual-Core Mobile ZM-84,49.95,793,15.87,778,15.58,35.0,22.65,2,2009,S1,Laptop
Intel Xeon 3040 @ 1.86GHz,25.04,789,31.52,474,18.92,65.0,12.14,2,2009,LGA775,Server
Intel Celeron B820 @ 1.70GHz,29.29,789,26.94,745,25.44,35.0,22.54,2,2012,PGA988B,Laptop
AMD Opteron 1216,54.85,781,14.23,810,14.78,103.0,7.58,2,2009,AM2,Server
Intel Celeron B810 @ 1.60GHz,79.95,775,9.69,754,9.43,35.0,22.13,2,2011,PGA988B,Laptop
Intel Core2 Duo E6400 @ 2.13GHz,29.94,772,25.79,844,28.19,65.0,11.88,2,2009,LGA775,Desktop
Intel Pentium T4300 @ 2.10GHz,98.95,771,7.79,834,8.43,35.0,22.02,2,2009,PGA478,Laptop
Intel Core2 Duo T7600 @ 2.33GHz,99.95,770,7.71,848,8.48,34.0,22.66,2,2008,"PBGA479, PPGA478",Laptop
AMD Opteron 280,280.72,765,2.72,430,1.53,95.0,8.05,2,2009,940,Server
Intel Xeon 5120 @ 1.86GHz,1474.4,763,0.52,748,0.51,65.0,11.73,2,2009,LGA771,Server
Intel Pentium T4400 @ 2.20GHz,109.95,762,6.93,862,7.84,35.0,21.77,2,2011,PGA478,Laptop
AMD Opteron 270,249.95,761,3.04,411,1.64,95.0,8.01,2,2012,940,Server
Intel Core2 Duo T6600 @ 2.20GHz,39.97,761,19.03,851,21.3,35.0,21.73,2,2009,PGA478,Laptop
AMD Athlon 64 X2 Dual Core 5000+,331.49,760,2.29,882,2.66,65.0,11.69,2,2008,AM2,Desktop
Intel Atom Z3775 @ 1.46GHz,500.0,754,1.51,538,1.08,4.0,188.38,4,2014,UTFCBGA1380,Laptop
Intel Pentium E2200 @ 2.20GHz,54.0,752,13.93,841,15.57,65.0,11.57,2,2009,LGA775,Desktop
AMD Athlon Dual Core 5050e,60.0,748,12.46,875,14.58,45.0,16.61,2,2009,AM2,Desktop
Intel Core2 Duo P7450 @ 2.13GHz,39.99,747,18.68,821,20.53,25.0,29.88,2,2009,PGA478,Laptop
AMD Opteron 180,119.95,746,6.22,874,7.29,110.0,6.78,2,2009,939,Server
Intel Core2 Duo SL9400 @ 1.86GHz,253.0,743,2.94,767,3.03,17.0,43.7,2,2009,BGA956,Laptop
Intel Core2 Duo T8100 @ 2.10GHz,999.99,739,0.74,836,0.84,35.0,21.13,2,2008,BGA479,Laptop
AMD Turion 64 X2 Mobile TL-62,29.0,738,25.44,758,26.12,35.0,21.08,2,2009,S1,Laptop
Intel Atom Z3770 @ 1.46GHz,149.44,738,4.94,542,3.63,4.0,184.46,4,2013,UTFCBGA1380,Laptop
AMD Athlon Dual Core 4850e,39.0,735,18.85,879,22.53,45.0,16.33,2,2009,AM2,Desktop
AMD Turion X2 Ultra Dual-Core Mobile ZM-85,45.0,730,16.22,828,18.4,35.0,20.86,2,2009,S1,Laptop
Intel Core2 Duo P7350 @ 2.00GHz,19.99,727,36.38,787,39.35,25.0,29.09,2,2008,BGA479,Laptop
AMD A4-3305M APU,20.81,727,34.91,819,39.36,35.0,20.76,2,2012,FS1,Laptop
Intel Core2 Duo T7200 @ 2.00GHz,61.83,723,11.69,756,12.22,34.0,21.27,2,2008,"PBGA479, PPGA478",Laptop
AMD Athlon 64 X2 Dual Core 4800+,149.95,722,4.82,885,5.9,65.0,11.11,2,2008,AM2,Desktop
Intel Core2 Duo E4500 @ 2.20GHz,11.0,718,65.32,820,74.56,65.0,11.05,2,2008,LGA775,Desktop
Intel Core2 Duo T6570 @ 2.10GHz,38.5,718,18.65,824,21.41,35.0,20.52,2,2009,PGA478,Laptop
AMD Athlon 64 X2 Dual Core 4600+,349.95,716,2.05,839,2.4,65.0,11.02,2,2008,AM2,Desktop
Intel Pentium T4200 @ 2.00GHz,98.95,715,7.23,788,7.96,35.0,20.43,2,2009,PGA478,Laptop
Intel Core2 Duo E6420 @ 2.13GHz,39.99,714,17.86,783,19.58,65.0,10.99,2,2008,PLGA775,Desktop
AMD Athlon II P360 Dual-Core,19.95,711,35.65,879,44.04,25.0,28.45,2,2011,S1g4,Unknown
Intel Core2 Duo T6400 @ 2.00GHz,14.99,708,47.24,794,52.97,35.0,20.23,2,2009,PGA478,Laptop
Intel Core2 Duo T7400 @ 2.16GHz,149.95,702,4.68,774,5.16,34.0,20.65,2,2010,BGA479,Laptop
AMD Athlon Dual Core 4450e,14.48,698,48.22,812,56.08,45.0,15.52,2,2009,AM2,Desktop
AMD Opteron 1214,86.35,696,8.07,830,9.61,103.0,6.76,2,2009,AM2,Server
Intel Core2 Duo T6500 @ 2.10GHz,14.99,696,46.44,836,55.74,35.0,19.89,2,2009,PGA478,Laptop
AMD Athlon II Dual-Core M320,30.0,696,23.19,831,27.69,35.0,19.87,2,2009,unknown,Unknown
AMD Turion X2 Ultra Dual-Core Mobile ZM-86,61.0,695,11.39,820,13.44,35.0,19.84,2,2009,S1,Laptop
Intel Core2 Duo T7300 @ 2.00GHz,53.99,693,12.84,772,14.31,35.0,19.8,2,2008,BGA479,Laptop
AMD Athlon 64 X2 Dual Core 4400+,298.95,691,2.31,787,2.63,65.0,10.63,2,2008,AM2,Desktop
Intel Celeron G470 @ 2.00GHz,35.15,691,19.67,937,26.67,35.0,19.75,1,2014,LGA1155,Desktop
AMD Turion X2 Ultra Dual-Core Mobile ZM-87,39.95,689,17.25,758,18.98,35.0,19.69,2,2009,S1,Laptop
Intel Core2 Duo T7250 @ 2.00GHz,201.48,688,3.41,771,3.82,35.0,19.65,2,2009,BGA479,Laptop
AMD Athlon Dual Core 4450B,31.0,684,22.05,780,25.15,45.0,15.19,2,2009,AM2+,Desktop
AMD A4-3300M APU,29.99,683,22.79,766,25.55,65.0,10.51,2,2011,FM1,Laptop
AMD Athlon II X2 270u,67.67,675,9.98,791,11.69,25.0,27.02,2,2010,AM3,Desktop
AMD Turion 64 X2 Mobile TL-64,39.39,675,17.14,702,17.81,35.0,19.29,2,2009,S1,Laptop
AMD Athlon II P320 Dual-Core,19.95,674,33.78,811,40.64,25.0,26.96,2,2010,unknown,Unknown
AMD Athlon II P340 Dual-Core,39.95,673,16.84,827,20.71,25.0,26.91,2,2010,S1g4,Unknown
AMD Athlon 64 X2 Dual Core 4200+,109.95,672,6.12,786,7.15,89.0,7.56,2,2008,AM2,Desktop
Intel Pentium E2180 @ 2.00GHz,19.5,671,34.42,748,38.36,65.0,10.33,2,2008,LGA775,Desktop
Intel Celeron E1400 @ 2.00GHz,14.0,671,47.91,746,53.28,65.0,10.32,2,2009,LGA775,Desktop
Intel Core2 Duo T5750 @ 2.00GHz,9.99,667,66.76,735,73.57,35.0,19.06,2,2008,Socket P,Laptop
AMD Turion X2 Dual-Core Mobile RM-72,224.26,666,2.97,751,3.35,35.0,19.03,2,2008,S1,Laptop
AMD E2-3000M APU,42.98,665,15.48,735,17.11,35.0,19.01,2,2011,FS1,Laptop
Intel Celeron N3060 @ 1.60GHz,282.0,664,2.36,629,2.23,6.0,110.69,2,2016,unknown,Laptop
AMD Athlon II X2 260u,83.44,663,7.94,703,8.42,25.0,26.5,2,2010,AM3,Desktop
AMD Turion Dual-Core RM-75,21.49,659,30.65,444,20.67,35.0,18.82,2,2009,S1,Laptop
Intel Celeron E1500 @ 2.20GHz,19.65,649,33.02,785,39.95,65.0,9.98,2,2009,LGA775,Desktop
Intel Celeron B800 @ 1.50GHz,24.99,649,25.98,645,25.83,35.0,18.55,2,2011,PGA988B,Laptop
AMD Turion Dual-Core RM-72,29.99,649,21.63,725,24.16,35.0,18.53,2,2009,S1,Laptop
Intel Pentium T3400 @ 2.16GHz,79.95,645,8.06,722,9.03,35.0,18.42,2,2009,PPGA478,Laptop
Intel Pentium T3200 @ 2.00GHz,12.0,644,53.69,717,59.73,35.0,18.41,2,2009,PPGA478,Laptop
Intel Core2 Duo T7100 @ 1.80GHz,14.99,643,42.89,714,47.61,35.0,18.37,2,2009,BGA479,Laptop
AMD A4-3320M APU,39.0,640,16.42,656,16.82,35.0,18.29,2,2012,FS1,Laptop
Intel Pentium E2160 @ 1.80GHz,89.0,636,7.14,683,7.67,65.0,9.78,2,2008,LGA775,Desktop
Intel Pentium 2129Y @ 1.10GHz,134.0,635,4.74,587,4.38,10.0,63.52,2,2014,FCBGA1023,Laptop
Intel Core2 Duo E4400 @ 2.00GHz,42.5,632,14.88,753,17.73,65.0,9.73,2,2008,LGA775,Desktop
AMD Turion 64 X2 Mobile TL-66,89.0,627,7.04,816,9.17,35.0,17.9,2,2009,S1,Laptop
Celeron Dual-Core T3300 @ 2.00GHz,14.97,627,41.91,692,46.19,35.0,17.93,2,2010,μFCPGA-478,Laptop
AMD Turion X2 Dual-Core Mobile RM-74,14.95,623,41.71,730,48.81,35.0,17.81,2,2009,S1,Laptop
Intel Pentium 957 @ 1.20GHz,134.0,622,4.64,574,4.28,17.0,36.59,2,2011,FCBGA1023,Laptop
Intel Atom Z3745 @ 1.33GHz,30.0,621,20.72,435,14.51,4.0,155.37,4,2014,UTFCBGA1380,Laptop
AMD Athlon 64 X2 QL-65,22.0,609,27.69,653,29.67,35.0,17.41,2,2009,S1,Laptop
AMD Athlon II X2 250u,24.95,604,24.22,632,25.32,25.0,24.17,2,2010,AM3,Desktop
Intel Xeon 5110 @ 1.60GHz,35.0,600,17.14,606,17.32,65.0,9.23,2,2009,LGA771,Server
Intel Core2 Duo E6320 @ 1.86GHz,39.99,597,14.92,642,16.05,65.0,9.18,2,2008,PLGA775,Desktop
AMD Athlon 64 X2 Dual Core 3600+,68.25,596,8.73,686,10.05,65.0,9.17,2,2008,AM2,Desktop
Intel Atom S1260 @ 2.00GHz,64.0,596,9.31,224,3.5,8.5,70.08,2,2013,FCBGA1283,Server
AMD Opteron 1212,290.0,593,2.04,729,2.51,103.0,5.75,2,2009,AM2,Server
Intel Celeron N3050 @ 1.60GHz,170.0,592,3.48,564,3.32,6.0,98.69,2,2015,FCBGA1170,Laptop
Intel Core2 Duo E6300 @ 1.86GHz,127.61,592,4.64,693,5.43,65.0,9.11,2,2008,"LGA775, PLGA775",Desktop
AMD Turion 64 X2 Mobile TL-60,15.95,591,37.07,688,43.15,31.0,19.07,2,2009,S1,Laptop
AMD Athlon X2 Dual Core BE-2300,60.0,570,9.5,644,10.73,45.0,12.67,2,2009,AM2,Desktop
AMD Sempron Dual Core 2200,39.95,563,14.09,649,16.24,65.0,8.66,2,2009,unknown,Unknown
Intel Celeron 867 @ 1.30GHz,55.7,562,10.08,584,10.49,17.0,33.03,2,2012,BGA1023,Laptop
AMD Sempron 2650 APU,84.97,561,6.6,475,5.59,25.0,22.42,2,2014,"AM1,FSB1",Desktop
Intel Core2 Duo E4300 @ 1.80GHz,42.5,561,13.21,665,15.65,65.0,8.64,2,2009,LGA775,Desktop
AMD Turion Dual-Core RM-70,25.0,561,22.46,548,21.9,31.0,18.11,2,2008,S1,Laptop
Intel Atom Z3735E @ 1.33GHz,117.0,557,4.76,478,4.08,4.4,126.59,4,2014,UTFCBGA1380,Laptop
AMD Sempron Dual Core 2300,41.99,555,13.22,697,16.6,65.0,8.54,2,2009,unknown,Unknown
Intel Pentium E2140 @ 1.60GHz,79.95,549,6.87,605,7.56,65.0,8.45,2,2008,"LGA775, PLGA775",Desktop
Intel Atom Z3735F @ 1.33GHz,500.0,544,1.09,390,0.78,4.4,123.73,4,2014,UTFCBGA592,Laptop
Intel Celeron N2830 @ 2.16GHz,149.99,542,3.62,630,4.2,7.5,72.33,2,2014,FCBGA1170,Laptop
Intel Pentium T2330 @ 1.60GHz,149.95,536,3.57,572,3.82,35.0,15.31,2,2009,PPGA478,Laptop
AMD Sempron Dual Core 2100,37.99,533,14.04,596,15.69,65.0,8.21,2,2009,unknown,Unknown
Intel Atom C2350 @ 1.74GHz,43.0,532,12.38,496,11.53,6.0,88.7,2,2021,FCBGA1283,Server
AMD Opteron 165,550.0,531,0.97,638,1.16,110.0,4.83,2,2009,939,Server
AMD Athlon 64 X2 Dual-Core TK-55,72.74,525,7.21,613,8.42,35.0,14.99,2,2008,unknown,Unknown
AMD Turion X2 Ultra Dual-Core Mobile ZM-80,49.95,521,10.44,628,12.58,32.0,16.29,2,2009,S1,Laptop
Celeron Dual-Core T3100 @ 1.90GHz,32.0,519,16.22,566,17.68,35.0,14.83,2,2009,BGA479,Laptop
Intel Celeron T1600 @ 1.66GHz,19.99,519,25.99,628,31.44,35.0,14.84,2,2009,unknown,Laptop
AMD Sempron 145,35.99,505,14.04,989,27.47,45.0,11.23,1,2010,AM3,Desktop
AMD Sempron 130,30.0,501,16.69,1064,35.47,45.0,11.13,1,2012,AM2+/AM3,Unknown
Intel Pentium T2370 @ 1.73GHz,35.0,500,14.27,546,15.6,35.0,14.27,2,2008,PPGA478,Laptop
AMD Sempron 150,14.95,498,33.32,1079,72.16,45.0,11.07,1,2011,AM3,Desktop
AMD Turion X2 Dual Core Mobile RM-70,132.56,497,3.75,504,3.8,31.0,16.02,2,2009,S1,Laptop
Intel Celeron G460 @ 1.80GHz,55.0,494,8.99,720,13.09,35.0,14.13,1,2012,LGA1155,Desktop
Intel Celeron E1200 @ 1.60GHz,99.95,492,4.93,628,6.28,65.0,7.58,2,2008,LGA775,Desktop
Intel Core2 Duo T5250 @ 1.50GHz,89.95,483,5.37,542,6.03,35.0,13.81,2,2008,PGA478,Laptop
Intel Celeron G465 @ 1.90GHz,40.0,480,12.0,739,18.49,35.0,13.71,1,2012,LGA1155,Desktop
AMD Sempron 140,11.95,471,39.42,1044,87.38,45.0,10.47,1,2009,AM3,Desktop
Intel Celeron 847 @ 1.10GHz,315.0,470,1.49,483,1.53,17.0,27.62,2,2011,BGA1023,Laptop
Intel Celeron N2820 @ 2.13GHz,225.0,469,2.09,583,2.59,7.5,62.58,2,2014,FCBGA1170,Laptop
Intel Pentium Extreme Edition 955 @ 3.46GHz,31.23,469,15.02,515,16.49,130.0,3.61,2,2009,PLGA775,Desktop
AMD Turion 64 X2 Mobile TL-56,65.4,453,6.93,579,8.85,31.0,14.62,2,2009,S1,Laptop
Intel Celeron 450 @ 2.20GHz,38.99,445,11.41,613,15.73,35.0,12.71,1,2009,LGA775,Desktop
AMD Turion 64 X2 Mobile TL-50,18.99,436,22.97,525,27.65,31.0,14.07,2,2009,S1,Laptop
AMD Athlon LE-1640,89.95,430,4.78,489,5.44,45.0,9.55,1,2009,AM2,Desktop
Intel Celeron G440 @ 1.60GHz,100.0,426,4.26,739,7.39,35.0,12.17,1,2012,LGA1155,Desktop
AMD Athlon LE-1620,18.0,421,23.4,475,26.38,45.0,9.36,1,2009,AM2,Desktop
Intel Celeron N2810 @ 2.00GHz,139.99,420,3.0,512,3.66,7.5,55.98,2,2013,FCBGA1170,Laptop
AMD Athlon LE-1600,21.0,412,19.63,430,20.49,45.0,9.16,1,2009,AM2,Desktop
AMD Athlon 1640B,50.0,412,8.23,462,9.25,45.0,9.14,1,2009,AM2,Desktop
Intel Celeron 900 @ 2.20GHz,18.99,409,21.52,851,44.8,34.8,11.74,1,2009,PGA478,Laptop
Intel Core Duo T2500 @ 2.00GHz,119.99,408,3.4,613,5.11,31.0,13.15,2,2009,BGA479,Laptop
AMD Athlon 64 FX-55,65.0,404,6.22,505,7.77,104.0,3.89,1,2009,939,Desktop
Intel Atom D510 @ 1.66GHz,97.16,404,4.16,292,3.01,13.0,31.11,2,2010,BGA559,Desktop
Intel Xeon 3.60GHz,851.0,403,0.47,643,0.76,110.0,3.67,1,2009,PPGA604,Server
AMD Sempron LE-1300,27.0,400,14.81,389,14.42,45.0,8.89,1,2009,AM2,Desktop
AMD Athlon 64 3500+,79.95,396,4.95,568,7.1,45.0,8.8,1,2008,AM2,Unknown
AMD Athlon 64 3700+,89.95,394,4.38,435,4.83,89.0,4.42,1,2008,939,Desktop
AMD Opteron 150,352.94,393,1.11,471,1.34,85.3,4.6,1,2009,939,Server
Intel Xeon 3.80GHz,851.0,393,0.46,594,0.7,110.0,3.57,1,2009,PPGA604,Server
AMD Athlon II Neo K325 Dual-Core,25.99,387,14.89,472,18.17,12.0,32.25,2,2010,unknown,Laptop
Intel Atom E3825 @ 1.33GHz,70.32,385,5.47,370,5.26,6.0,64.14,2,2014,FCBGA1170,Desktop
AMD V140,39.95,379,9.48,869,21.76,25.0,15.16,1,2010,S1,Laptop
AMD Athlon 64 3400+,99.95,375,3.75,429,4.29,89.0,4.21,1,2009,754,Unknown
Intel Celeron 440 @ 2.00GHz,49.99,368,7.37,444,8.88,35.0,10.52,1,2009,LGA775,Desktop
Intel Celeron 560 @ 2.13GHz,69.95,365,5.21,498,7.12,31.0,11.76,1,2009,PGA478,Laptop
AMD Sempron 3600+,15.0,364,24.24,377,25.13,62.0,5.86,1,2009,AM2,Desktop
AMD Sempron 3800+,14.99,360,24.03,422,28.17,62.0,5.81,1,2008,AM2,Desktop
AMD Athlon II 160u,29.99,358,11.93,717,23.89,20.0,17.89,1,2010,unknown,Desktop
AMD Athlon II 170u,24.0,357,14.86,728,30.34,20.0,17.83,1,2010,"AM2+,AM3",Desktop
AMD Sempron LE-1200,14.95,349,23.32,551,36.89,45.0,7.75,1,2009,AM2,Desktop
Intel Core Duo T2400 @ 1.83GHz,16.0,349,21.81,511,31.94,31.0,11.26,2,2009,BGA479,Laptop
Intel Pentium T2080 @ 1.73GHz,159.95,348,2.18,530,3.31,31.0,11.23,2,2008,PGA478,Laptop
AMD Opteron 146,35.0,346,9.88,400,11.43,67.0,5.16,1,2009,939,Server
AMD Athlon 64 4000+,99.95,340,3.4,565,5.65,62.0,5.49,1,2008,AM2,Unknown
AMD Athlon 64 3200+,149.95,340,2.27,568,3.79,62.0,5.48,1,2008,AM2,Unknown
Intel Atom N570 @ 1.66GHz,86.0,335,3.89,282,3.28,8.5,39.4,2,2011,BGA559,Laptop
AMD Turion 64 Mobile ML-37,25.99,334,12.86,510,19.61,35.0,9.55,1,2009,754,Laptop
AMD Opteron 144,29.95,316,10.55,376,12.56,67.0,4.72,1,2008,939,Server
AMD Sempron 3300+,20.0,315,15.74,394,19.68,62.0,5.08,1,2008,754,Desktop
AMD Sempron LE-1100,34.95,315,9.02,509,14.56,45.0,7.01,1,2009,AM2,Desktop
AMD Athlon 64 3000+,20.0,303,15.13,506,25.31,89.0,3.4,1,2008,Socket 754,Desktop
AMD Sempron LE-1250,99.99,301,3.01,508,5.08,45.0,6.68,1,2009,AM2,Desktop
Intel Celeron 550 @ 2.00GHz,54.95,301,5.47,613,11.16,31.0,9.7,1,2009,BGA479,Laptop
AMD Sempron 3100+,65.0,298,4.58,383,5.89,62.0,4.8,1,2009,754,Desktop
AMD Athlon 64 2800+,99.99,295,2.95,375,3.75,89.0,3.32,1,2009,754,Unknown
Intel Celeron 430 @ 1.80GHz,49.99,293,5.86,630,12.59,35.0,8.37,1,2009,LGA775,Desktop
AMD Athlon 64 3800+,131.01,292,2.23,461,3.52,45.0,6.5,1,2009,AM2,Unknown
AMD Sempron 3400+,86.68,292,3.37,346,3.99,62.0,4.71,1,2008,AM2,Desktop
AMD Athlon 2800+,109.95,291,2.65,439,3.99,89.0,3.27,1,2009,754,Unknown
AMD Sempron 3200+,124.68,288,2.31,356,2.85,62.0,4.65,1,2009,AM2,Desktop
AMD Sempron SI-40,12.0,288,24.02,631,52.58,25.0,11.53,1,2009,S1,Laptop
Intel Celeron 540 @ 1.86GHz,20.95,283,13.5,496,23.65,30.0,9.43,1,2009,PGA478,Laptop
AMD Athlon 2650e,19.0,274,14.43,304,16.0,15.0,18.28,1,2009,AM2,Desktop
AMD Sempron 3000+,34.95,268,7.66,333,9.53,62.0,4.32,1,2008,AM2,Desktop
Intel Celeron 530 @ 1.73GHz,13.0,268,20.62,468,35.97,27.0,9.93,1,2009,PGA478,Laptop
Intel Atom N550 @ 1.50GHz,86.0,265,3.08,243,2.82,8.5,31.16,2,2010,BGA559,Laptop
AMD Athlon XP 3000+,79.7,262,3.29,396,4.97,62.0,4.22,1,2009,Socket A,Desktop
AMD Sempron SI-42,29.99,261,8.7,650,21.69,25.0,10.44,1,2009,S1,Laptop
AMD Sempron LE-1150,14.94,251,16.82,477,31.92,45.0,5.59,1,2009,AM2,Desktop
AMD Sempron 2800+,29.95,243,8.11,408,13.63,62.0,3.92,1,2008,AM2,Desktop
Intel Celeron 420 @ 1.60GHz,49.95,235,4.71,471,9.43,35.0,6.72,1,2009,LGA775,Desktop
AMD Sempron 3500+,24.99,232,9.28,264,10.56,62.0,3.74,1,2009,AM2,Desktop
Intel Atom D425 @ 1.80GHz,992.98,222,0.22,320,0.32,10.0,22.2,1,2011,BGA559,Desktop
AMD Athlon XP 1800+,50.95,195,3.83,301,5.9,66.0,2.96,1,2009,Socket A,Desktop
AMD Athlon XP 2000+,58.99,195,3.31,311,5.28,70.0,2.79,1,2009,Socket A,Desktop
Intel Atom D410 @ 1.66GHz,635.99,177,0.28,254,0.4,10.0,17.7,1,2010,BGA559,Desktop
AMD Athlon XP 1700+,51.25,176,3.44,272,5.3,64.0,2.75,1,2009,Socket A (462),Desktop
Intel Atom E3815 @ 1.46GHz,135.0,159,1.17,238,1.76,5.0,31.7,1,2014,FCBGA1170,Desktop
